categorie_bis,companies,noms,titre_com,commentaire,reponses,notes,date_experience,date_commentaire,site,nombre_pages,date_scrap,verified,annÃ©e_experience,mois_experience,jour_experience,annÃ©e_commentaire,mois_commentaire,jour_commentaire,leadtime_com_exp,nombre_caractÃ¨res,nombre_maj,nombre_car_spÃ©,caractÃ¨res_spÃ©,emojis_positifs_count,emojis_negatifs_count,commentaire_text,langue_bis
bank,Younited CreditÂ ,Charbel EL ASMAR,Excellent customer service," March 09, 2020",,0.0,,2020-03-09,https://www.trustpilot.com/review/www.younited-credit.com?page=22,38,10-09-2024,1,0,0,0,2020,3,9,,15,1,1,,0,0,"march 09, 2020",cy
bank,FortuneoÂ ,Coppaloni,Super lâ€™application et simple etâ€¦,Super lâ€™application et simple et surtout pas de frais!,"Bonjour, Merci pour votre commentaire et votre confiance en Fortuneo. Nous sommes heureux de voir que nous avons pu rÃ©pondre Ã  vos besoins et de savoir que vous avez Ã©tÃ© satisfait de nos services. TrÃ¨s bonne journÃ©e, Lâ€™Ã‰quipe Fortuneo.",0.0,,2024-02-22,https://www.trustpilot.com/review/fortuneo.fr?page=2,10,10-09-2024,0,0,0,0,2024,2,22,,54,1,2,â€™,0,0,super l application et simple et surtout pas de frais,fr
bank,QontoÂ ,Association le.relais.atypique,Simple,"Simple, rapide et efficace ğŸ‘ je valide","Bonjour, Nous sommes ravis que vous soyez satisfait de notre produit et nos services, n'hÃ©sitez pas Ã  revenir vers nous pour toute question. TrÃ¨s bonne journÃ©e Ã  vous ! ğŸ¤©Caroline - Executive Care Team",0.0,,2023-06-19,https://www.trustpilot.com/review/qonto.com?page=14,30,10-09-2024,1,0,0,0,2023,6,19,,38,1,2,ğŸ‘,1,0,"simple, rapide et efficace je valide",fr
bank,Orange BankÂ ,Marie Francoise,satisfaction si rÃ©sultat constatÃ©...,satisfaction,"Bonjour Marie FranÃ§oise,Merci pour votre commentaire, c'est un plaisir de pouvoir vous apporter satisfaction. Je vous souhaite une belle journÃ©e,Philippe",0.0,,2022-07-19,https://www.trustpilot.com/review/orangebank.fr?page=14,41,10-09-2024,0,0,0,0,2022,7,19,,12,0,0,,0,0,satisfaction,fr
bank,SumeriaÂ ,Philbert,Service impeccable," June 30, 2022",,0.0,,2022-06-30,https://www.trustpilot.com/review/sumeria.eu?page=37,51,10-09-2024,1,0,0,0,2022,6,30,,14,1,1,,0,0,"june 30, 2022",fr
bank,DeblockÂ ,Erwan Rey,Une super application !,"Une super application ! TrÃ¨s facile Ã  prendre en main, transparente. Enfin une banque crypto friendly digne de ce nom !",,0.0,,2024-06-28,https://www.trustpilot.com/review/deblock.com?page=1,2,10-09-2024,0,0,0,0,2024,6,28,,119,3,4,,0,0,"une super application trÃ¨s facile Ã  prendre en main, transparente. enfin une banque crypto friendly digne de ce nom",fr
bank,CofidisÂ ,Eric Decaux,"Simple, efficace, rapide.","Simple, efficace, rapide.Mais attention aux taux de crÃ©dits. de 5,8 Ã  plus de 20%.C'est limite acceptable!",Bonjour Eric. Merci pour votre retour. Nos taux prennent en compte plusieurs facteurs en suivant une logique d'indexation avec la Banque Centrale EuropÃ©enne. A trÃ¨s bientÃ´t. Florian que l'Ã©quipe Cofidis.,0.0,,2020-11-03,https://www.trustpilot.com/review/cofidis.fr?page=16,16,10-09-2024,0,0,0,0,2020,11,3,,106,3,9,%',0,0,"simple, efficace, rapide.mais attention aux taux de crÃ©dits. de 5,8 Ã  plus de 20 .c'est limite acceptable",fr
bank,SumeriaÂ ,Raslooan,I like Account ğŸ˜˜,I like Lydia Account My best Account,,0.0,,2022-08-28,https://www.trustpilot.com/review/sumeria.eu?page=29,51,10-09-2024,1,0,0,0,2022,8,28,,36,5,0,,0,0,i like lydia account my best account,en
bank,QontoÂ ,Pierre Labbe,rapide simple efficace," March 20, 2022","Bonjour Pierre Labbe,Merci pour ces belles Ã©toiles â­ï¸Une bonne journÃ©e de l'Ã©quipe Qonto. AnnÃ©e Customer Success Team",0.0,,2022-03-20,https://www.trustpilot.com/review/qonto.com?page=22,30,10-09-2024,1,0,0,0,2022,3,20,,15,1,1,,0,0,"march 20, 2022",cy
bank,QontoÂ ,Melodi Bayar,I have not been able to use the companyâ€¦,"I have not been able to use the company account for 4 days. The company has payments. I also told this to customer representatives. still no solution! You won't experience this in well-established banks. If you pay 29 euros a month and cannot make your payments on time, we cannot talk about a good service here...","Hello Melodi, We are sorry to hear that you had this experience. Our team has been in contact with you regarding the resolution of the problem. We remain at your disposal for any further enquiries at careteam@qonto.com",0.0,,2023-10-27,https://www.trustpilot.com/review/qonto.com?page=12,30,10-09-2024,0,0,0,0,2023,10,27,,314,5,11,'-,0,0,"i have not been able to use the company account for 4 days. the company has payments. i also told this to customer representatives. still no solution you won't experience this in well established banks. if you pay 29 euros a month and cannot make your payments on time, we cannot talk about a good service here...",en
bank,Younited CreditÂ ,Sylvie,Parfait ..........," October 11, 2023","Bonjour,Nous vous remercions pour ce commentaireâ€¯positif. En espÃ©rant que vous puissiez recommander Younited auprÃ¨s de votre entourage.Excellente journÃ©e,Â Tracy",0.0,,2023-10-16,https://www.trustpilot.com/review/www.younited-credit.com?page=9,38,10-09-2024,1,0,0,0,2023,10,16,,17,1,1,,0,0,"october 11, 2023",sv
bank,SumeriaÂ ,Alexandre,Just love it,I Just love it.,,0.0,,2022-05-20,https://www.trustpilot.com/review/sumeria.eu?page=43,51,10-09-2024,1,0,0,0,2022,5,20,,15,2,1,,0,0,i just love it.,sl
bank,MonabanqÂ ,M   CHRISTOPHE V,Application mobile trÃ¨s simpleâ€¦,"Application mobile trÃ¨s simple d'utilisation, clair et trÃ¨s pratique",,0.0,,2021-11-29,https://www.trustpilot.com/review/www.monabanq.com?page=2,4,10-09-2024,0,0,0,0,2021,11,29,,68,1,2,',0,0,"application mobile trÃ¨s simple d'utilisation, clair et trÃ¨s pratique",fr
bank,SumeriaÂ ,Lassana,ğŸ‘ğŸ‘ğŸ¤ŸğŸ¤Ÿ,ğŸ‘ğŸ‘ğŸ¤ŸğŸ¤Ÿcool,,0.0,,2022-06-22,https://www.trustpilot.com/review/sumeria.eu?page=38,51,10-09-2024,1,0,0,0,2022,6,22,,8,0,4,ğŸ‘ğŸ‘ğŸ¤ŸğŸ¤Ÿ,2,0,cool,en
bank,Orange BankÂ ,FrÃ©dÃ©ric â€œPERSOâ€ Dumortier,super service application top,super service application top attention souvent des bugs informatiques,"Bonjour FrÃ©dÃ©ric,Merci pour ce retour et pour votre remontÃ©e. Nous tÃ¢chons d'amÃ©liorer l'application au fur et Ã  mesure des mises Ã  jour. Belle journÃ©e, Elodie.",0.0,,2022-04-27,https://www.trustpilot.com/review/orangebank.fr?page=23,41,10-09-2024,0,0,0,0,2022,4,27,,70,0,0,,0,0,super service application top attention souvent des bugs informatiques,fr
bank,SumeriaÂ ,ClÃ©ment,good,good app but become paying,,0.0,,2022-07-01,https://www.trustpilot.com/review/sumeria.eu?page=37,51,10-09-2024,1,0,0,0,2022,7,1,,26,0,0,,0,0,good app but become paying,en
bank,QontoÂ ,Hans Walter Finckh,Hans Walter Finckh,Best bank ever seen,"Hallo Hans Walter Finckh,Vielen Dank fÃ¼r das positive Feedback! Es freut uns zu hÃ¶ren, dass unser Service Ihren Erwartungen entspricht. ğŸ˜",0.0,,2022-12-15,https://www.trustpilot.com/review/qonto.com?page=18,30,10-09-2024,0,0,0,0,2022,12,15,,19,1,0,,0,0,best bank ever seen,nl
bank,BritlineÂ ,Gabrielle Gache,The Britline team all speak perfectâ€¦,"The Britline team all speak perfect English and for an English person dealing with the very different and sometimes difficult French systems, they are an amazing team to have on your side! I recommend them to anyone who needs an account in France. My sister lives in Paris and is also with them! They are what ALL banks should be like! It has been a pleasure dealing with them over the last 15years!",,0.0,,2024-07-11,https://www.trustpilot.com/review/britline.com?page=1,5,10-09-2024,0,0,0,0,2024,7,11,,399,14,6,,0,0,"the britline team all speak perfect english and for an english person dealing with the very different and sometimes difficult french systems, they are an amazing team to have on your side i recommend them to anyone who needs an account in france. my sister lives in paris and is also with them they are what all banks should be like it has been a pleasure dealing with them over the last 15years",en
bank,SumeriaÂ ,ff,Lydia is really great for transfer andâ€¦,"Lydia is really great for transfer and using it at your own bank account, easy fast and secure, really great",,0.0,,2022-05-14,https://www.trustpilot.com/review/sumeria.eu?page=44,51,10-09-2024,1,0,0,0,2022,5,14,,108,1,2,,0,0,"lydia is really great for transfer and using it at your own bank account, easy fast and secure, really great",en
bank,AnytimeÂ ,Herrmann herrmann,report to police,Today I am writing a report to police because anytime doesnâ€˜t react on my messages and kept about 2400 eur without telling me ANYTHING. Just silence!,"Bonjour, Je suis navrÃ©e de l'incident rencontrÃ© avec nos services.Nous vous invitons Ã  patienter, votre dossier est en cours de traitement auprÃ¨s du service compÃ©tent.Nous ne bloquons jamais nos utilisateurs sans raison valable : la majoritÃ© du temps, ces demandes sont nÃ©cessaires pour nous assurer du bon fonctionnement du compte et vÃ©rifier l'origine des fonds reÃ§us. Bien entendu, si Ã  la suite de ces recherches il s'avÃ¨re qu'il s'agit d'une erreur de notre part, votre compte sera dÃ©bloquÃ© au plus vite. De plus, en raison de la rÃ©glementation, nous ne sommes pas toujours en mesure de partager les raisons du blocage de votre compte, y compris avec les personnes titulaires des-dits comptes.Cordialement, MichÃ¨le - Anytime",0.0,,2022-01-10,https://www.trustpilot.com/review/anyti.me?page=9,14,10-09-2024,0,0,0,0,2022,1,10,,149,11,3,â€˜,0,0,today i am writing a report to police because anytime doesn t react on my messages and kept about 2400 eur without telling me anything. just silence,en
bank,SumeriaÂ ,Collins,Super great,Wonderful bank,,0.0,,2023-06-12,https://www.trustpilot.com/review/sumeria.eu?page=17,51,10-09-2024,1,0,0,0,2023,6,12,,14,1,0,,0,0,wonderful bank,af
bank,Younited CreditÂ ,Sandrine,Parfait,Super organisation.. Bravo,,0.0,,2016-12-22,https://www.trustpilot.com/review/www.younited-credit.com?page=36,38,10-09-2024,0,0,0,0,2016,12,22,,26,2,2,,0,0,super organisation.. bravo,fr
bank,Younited CreditÂ ,Annie,Transaction simple et rapide dans leâ€¦,Transaction simple et rapide dans le respect du dÃ©lai.Merci YounitedA.Digouin,,0.0,,2024-06-04,https://www.trustpilot.com/review/www.younited-credit.com?page=1,38,10-09-2024,1,0,0,0,2024,6,4,,77,5,2,,0,0,transaction simple et rapide dans le respect du dÃ©lai.merci youniteda.digouin,fr
bank,Younited CreditÂ ,Papa Magoum,Service impeccable," February 03, 2021",,0.0,,2021-02-03,https://www.trustpilot.com/review/www.younited-credit.com?page=18,38,10-09-2024,1,0,0,0,2021,2,3,,18,1,1,,0,0,"february 03, 2021",en
bank,BoursoBankÂ ,Stef,Smooth process,"Smooth process, very efficient and secured !",,0.0,,2024-03-26,https://www.trustpilot.com/review/boursobank.com?page=4,10,10-09-2024,0,0,0,0,2024,3,26,,44,1,2,,0,0,"smooth process, very efficient and secured",en
bank,CofidisÂ ,PAMELA OZKAN,Parfait,"Parfait, simple.","Bonjour Pamela,Merci beaucoup pour votre note et votre commentaire. Je vous souhaite une belle journÃ©e. Marion de l'Ã©quipe Cofidis.",0.0,,2022-05-16,https://www.trustpilot.com/review/cofidis.fr?page=8,16,10-09-2024,0,0,0,0,2022,5,16,,16,1,2,,0,0,"parfait, simple.",fr
bank,Younited CreditÂ ,Mims,Rapide et efficace,Rapide et efficace. Merci Younited !,"Bonjour,Nous sommes enchantÃ©s de vous lire et ravis dâ€™avoir contribuÃ© Ã  la rÃ©alisation de votre projet.Bienvenue chez Younited.Excellente journÃ©e,Diane",0.0,,2022-06-19,https://www.trustpilot.com/review/www.younited-credit.com?page=7,38,10-09-2024,1,0,0,0,2022,6,19,,36,3,2,,0,0,rapide et efficace. merci younited,ro
bank,Younited CreditÂ ,Vermander philippe,Super contact et rapiditÃ© dâ€™analyse etâ€¦,Super contact et rapiditÃ© dâ€™analyse et de rÃ©sultat !!!,"Bonjour Monsieur, Merci dâ€™avoir pris le temps de nous faire un retour sur votre expÃ©rience auprÃ¨s de Younited Credit, et sommes ravis de lire que celle-ci sâ€™est bien passÃ©.Nous nous efforÃ§ons dâ€™offrir Ã  nos clients un crÃ©dit aussi juste, simple et rapide que possible et sommes heureux dâ€™avoir pu vous en faire bÃ©nÃ©ficier.Excellente journÃ©e, SOFIANE de l'Ã©quipe Younited Credit",0.0,,2022-04-12,https://www.trustpilot.com/review/www.younited-credit.com?page=12,38,10-09-2024,1,0,0,0,2022,4,12,,54,1,4,â€™,0,0,super contact et rapiditÃ© d analyse et de rÃ©sultat,fr
bank,PixpayÂ ,valerie Fortin,Ssuperuper simple pour qu un ado apprenne Ã â€¦,Super simple pour qu un ado apprenne Ã  gÃ©rÃ© son argent,"Merci ValÃ©rie ! L'Ã©ducation Ã  l'argent, c'est notre objectif : c'est indispensable que les adolescents soient Ã  l'aise avec cela pour leur vie d'aujourd'hui et leur vie d'adulte. Bien Ã  vous,Caroline",0.0,,2024-04-22,https://www.trustpilot.com/review/pixpay.eu?page=1,13,10-09-2024,0,0,0,0,2024,4,22,,54,1,0,,0,0,super simple pour qu un ado apprenne Ã  gÃ©rÃ© son argent,fr
bank,Orange BankÂ ,ChrÃ©tien,Simple parfait nickel," April 07, 2022","Bonjour Frederic,Alors je ne saurai quoi rajouter Ã  un cocktail aussi parfait, juste peut-Ãªtre un zeste (non pas de citron) mais d'humilitÃ© en guise de Topping : vous Ãªtes au Top de nos clients.Merci pour votre avis laissÃ© ici et cette ribambelle d'Ã©toiles. Bonne journÃ©e Ã  vous,Romain",0.0,,2022-04-07,https://www.trustpilot.com/review/orangebank.fr?page=28,41,10-09-2024,0,0,0,0,2022,4,7,,15,1,1,,0,0,"april 07, 2022",ro
bank,PixpayÂ ,Nadia Bittame,Simple,"Simple, rapide et efficace",,0.0,,2021-10-13,https://www.trustpilot.com/review/pixpay.eu?page=11,13,10-09-2024,0,0,0,0,2021,10,13,,26,1,1,,0,0,"simple, rapide et efficace",fr
bank,Orange BankÂ ,bernard sejalon,simple rapide et efficace," March 29, 2022","Bonjour Bernard,Merci pour ce beau retour Ã©toilÃ©. Nous nous efforÃ§ons de vous faciliter la banque et espÃ©rons continuer vous accompagner dans vos projets d'avenir.A trÃ¨s vite LÃ©a",0.0,,2022-03-29,https://www.trustpilot.com/review/orangebank.fr?page=31,41,10-09-2024,0,0,0,0,2022,3,29,,15,1,1,,0,0,"march 29, 2022",cy
bank,Younited CreditÂ ,Romain,Rapide efficace top," February 17, 2021",,0.0,,2021-02-17,https://www.trustpilot.com/review/www.younited-credit.com?page=18,38,10-09-2024,1,0,0,0,2021,2,17,,18,1,1,,0,0,"february 17, 2021",en
bank,Orange BankÂ ,Jean-Luc,Souriante et agreable," March 14, 2022","Bonjour Jean-Luc,Câ€™est un plaisir de lire tout le succÃ¨s de nos conseillÃ¨res ğŸ¤—!Nous ne manquerons pas de leur transmettre tous vos messages positifs.A bientÃ´tPhilippe",0.0,,2022-03-14,https://www.trustpilot.com/review/orangebank.fr?page=33,41,10-09-2024,0,0,0,0,2022,3,14,,15,1,1,,0,0,"march 14, 2022",cy
bank,Orange BankÂ ,Zohair,Top top,Top top top top,"Bonjour,Merci pour ce commentaire, c'est vous qui Ãªtes au top ğŸ‘.Nous ne manquerons pas de vous rendre toute la confiance que vous nous accordez ğŸ˜‰A bientÃ´t,Philippe",0.0,,2022-05-20,https://www.trustpilot.com/review/orangebank.fr?page=20,41,10-09-2024,0,0,0,0,2022,5,20,,15,1,0,,0,0,top top top top,en
bank,CofidisÂ ,christine,Excellent..professionnel," January 11, 2021",Bonjour Christine. Merci pour votre retour. A trÃ¨s bientÃ´t chez Cofidis ! Jean-Michel de l'Ã©quipe Cofidis.,0.0,,2021-01-11,https://www.trustpilot.com/review/cofidis.fr?page=16,16,10-09-2024,0,0,0,0,2021,1,11,,17,1,1,,0,0,"january 11, 2021",id
bank,Younited CreditÂ ,AurÃ©,Rapide,"Rapide, simple et efficace","Bonjour,Merci dâ€™avoir pris le temps de nous faire un retour sur votre expÃ©rience auprÃ¨s de Younited, et sommes ravis de lire que celle-ci sâ€™est bien passÃ©e.Nous nous efforÃ§ons dâ€™offrir Ã  nos clients un crÃ©dit aussi juste, simple et rapide que possible et sommes heureux dâ€™avoir pu vous en faire bÃ©nÃ©ficier.Excellente journÃ©e,Audrey",0.0,,2023-06-12,https://www.trustpilot.com/review/www.younited-credit.com?page=2,38,10-09-2024,1,0,0,0,2023,6,12,,26,1,1,,0,0,"rapide, simple et efficace",fr
bank,Younited CreditÂ ,PIERRE,Impeccable,Service Impeccable,,0.0,,2017-03-27,https://www.trustpilot.com/review/www.younited-credit.com?page=36,38,10-09-2024,0,0,0,0,2017,3,27,,18,2,0,,0,0,service impeccable,it
bank,QontoÂ ,Youssef Ben Salem,Merci infiniment," April 29, 2022","Bonjour Youssef, nous vous remercions Ã©galement infiniment pour votre soutien prÃ©cieux ! ğŸ¤©David - Ã‰quipe Qonto",0.0,,2022-04-29,https://www.trustpilot.com/review/qonto.com?page=21,30,10-09-2024,1,0,0,0,2022,4,29,,15,1,1,,0,0,"april 29, 2022",ro
bank,PixpayÂ ,Foufette,Application intuitive et simpleâ€¦,Application intuitive et simple dâ€™utilisation ma fille de 12 ans adore !,,0.0,,2021-10-20,https://www.trustpilot.com/review/pixpay.eu?page=11,13,10-09-2024,0,0,0,0,2021,10,20,,72,1,2,â€™,0,0,application intuitive et simple d utilisation ma fille de 12 ans adore,fr
bank,Ma French BankÂ ,Humbert Didine,Application trÃ¨s pratique et simpleâ€¦,Application trÃ¨s pratique et simple d'utilisation,"Bonjour,Merci pour votre tÃ©moignage !Ravi que vous soyez satisfait des services de Ma French Bank.Passez une belle journÃ©e !Louis de la French Team",0.0,,2021-09-25,https://www.trustpilot.com/review/www.mafrenchbank.fr?page=2,5,10-09-2024,0,0,0,0,2021,9,25,,49,1,1,',0,0,application trÃ¨s pratique et simple d'utilisation,fr
bank,Orange BankÂ ,Ducellier,Tres bien,Efficace super,"Bonjour, Merci pour ce retour Ã©toilÃ© et pour la confiance que vous nous accordez. Belle journÃ©e, Elodie.",0.0,,2022-04-21,https://www.trustpilot.com/review/orangebank.fr?page=26,41,10-09-2024,0,0,0,0,2022,4,21,,14,1,0,,0,0,efficace super,ro
bank,Younited CreditÂ ,WATERMOLEN,Rapide,"Rapide, efficace impeccable",,0.0,,2017-11-17,https://www.trustpilot.com/review/www.younited-credit.com?page=32,38,10-09-2024,0,0,0,0,2017,11,17,,27,1,1,,0,0,"rapide, efficace impeccable",es
bank,Orange BankÂ ,christophe durand,Efficace,"Pas de bug, simple et facile","Bonjour Christophe, Des mises Ã  jour sont rÃ©alisÃ©es quotidiennement afin d'amÃ©liorer l'application mais aussi de corriger chaque bug rapportÃ©. Nous mettons tout en Å“uvre pour rendre votre application simple et fluide et nous sommes ravis qu'elle vous corresponde.Excellente journÃ©e Ã  vous!Sara",0.0,,2022-03-02,https://www.trustpilot.com/review/orangebank.fr?page=35,41,10-09-2024,0,0,0,0,2022,3,2,,28,1,1,,0,0,"pas de bug, simple et facile",fr
bank,Orange BankÂ ,Labeylie,Avis,Cxxxxxxxxxxxxxx,,0.0,,2022-08-25,https://www.trustpilot.com/review/orangebank.fr?page=12,41,10-09-2024,0,0,0,0,2022,8,25,,15,1,0,,0,0,cxxxxxxxxxxxxxx,so
bank,Orange BankÂ ,Celine,Confirmation de info,RapiditÃ© de communication,"Bonjour Celine, Nous sommes heureux de savoir que nos conseillers vous ont rÃ©pondu rapidement et efficacement ce qui fait de vous une cliente satisfaite. Une excellente journÃ©e, Elodie",0.0,,2022-03-02,https://www.trustpilot.com/review/orangebank.fr?page=35,41,10-09-2024,0,0,0,0,2022,3,2,,25,1,0,,0,0,rapiditÃ© de communication,fr
bank,QontoÂ ,Tariq Chaudhry,Excellent service," June 03, 2024","Bonjour Tariq, c'est un plaisir de vous avoir parmi nos clients. Merci pour votre confiance ! ğŸ˜",0.0,,2024-06-03,https://www.trustpilot.com/review/qonto.com?page=10,30,10-09-2024,0,0,0,0,2024,6,3,,14,1,1,,0,0,"june 03, 2024",et
bank,MonabanqÂ ,M   XAVIER-MARIE DONAT,"Super  efficace,","Super  efficace,La dimension humaine n'est pas un simple slogan publicitaire",,0.0,,2022-02-22,https://www.trustpilot.com/review/www.monabanq.com?page=2,4,10-09-2024,0,0,0,0,2022,2,22,,76,2,2,',0,0,"super efficace,la dimension humaine n'est pas un simple slogan publicitaire",fr
bank,SumeriaÂ ,Rany,Great banking tool.," August 10, 2023",,0.0,,2023-08-12,https://www.trustpilot.com/review/sumeria.eu?page=14,51,10-09-2024,1,0,0,0,2023,8,12,,16,1,1,,0,0,"august 10, 2023",et
bank,FortuneoÂ ,Stephane,Bon service,"Bon site web, bon support,  prix corrects.",,0.0,,2023-05-04,https://www.trustpilot.com/review/fortuneo.fr?page=3,10,10-09-2024,0,0,0,0,2023,5,4,,42,1,3,,0,0,"bon site web, bon support, prix corrects.",en
bank,PixpayÂ ,Lydie Belly,Application super bien," September 18, 2021","Merci Lydie ğŸ™ A trÃ¨s vite,Rebecca",0.0,,2021-09-18,https://www.trustpilot.com/review/pixpay.eu?page=11,13,10-09-2024,0,0,0,0,2021,9,18,,19,1,1,,0,0,"september 18, 2021",sv
bank,ONLYONEÂ ,Marco,Banque de voleur,Ne faite pas confiance Ã  cette nouvelle banque ce sont des voleur il vous bloque votre argent si vous dÃ©passer les 1000e sur votre compte puis vous demande des documents impossibles pour que vous lÃ¢chÃ© l affaire et reparte avec votre argent,"Bonjour,Nous ne bloquons pas les comptes sans raisons valables, vous n'Ãªtes pas sans savoir que tout Ã©tablissement financier est rÃ©gulÃ© et doit respecter des rÃ¨gles de conformitÃ© qui sont les mÃªmes pour les Ã©tablissements comme le notre ou les banques traditionnelles.Il est impossible de repartir avec l'argent comme vous le dites, les fonds sont soit dÃ©bloquÃ©s, si vous Ãªtes en mesure d'en justifier la provenance ou restituÃ©s Ã  l'Ã©metteur du virement.SI toutefois, quelque chose n'est pas clair, nous vous invitons Ã  nous contacter.",0.0,,2023-01-13,https://www.trustpilot.com/review/onlyonecard.eu?page=1,2,10-09-2024,0,0,0,0,2023,1,13,,240,1,0,,0,0,ne faite pas confiance Ã  cette nouvelle banque ce sont des voleur il vous bloque votre argent si vous dÃ©passer les 1000e sur votre compte puis vous demande des documents impossibles pour que vous lÃ¢chÃ© l affaire et reparte avec votre argent,fr
bank,QontoÂ ,Davide Roli,Misleading Promises and Unreliable Service: My Qonto Experience in Italy,"I opened a Qonto account for my new startup in Milan, Italy, incorporated on August 1st. Qonto repeatedly assured me that their issues with Banca D'Italia wouldn't affect my account since I started the opening process before July 25th. This turned out to be completely false.While I managed to open the account and incorporate my company, Qonto recently informed me they couldn't activate ANY cards for my account due to their regulatory issues in Italy. This directly contradicts what they promised earlier, as evidenced by an email from their representative Alessandro, who stated:""The restrictions apply only to future customers, therefore the account opening process for TWINI S.R.L. is not impacted in any way.""Now I'm left with a useless bank account, forced to transfer funds to a new bank and close this account as soon as possible. There's also a risk they might retain the currently deposited money, similar to what N26 did during a comparable situation in Italy.This feels like a bait-and-switch. Qonto told me one thing at the beginning and the opposite now. When I called them, they claimed they couldn't do anything about it and that the problem was beyond their control. The real issue is that they assured me the process would be smooth because I was before the deadline, only to completely change their stance a month later.Qonto's actions are deceptive and unprofessional. They're likely to face significant problems in Italy and lose substantial market share. I've decided to switch to Revolut instead.In conclusion, my experience with Qonto has been deeply disappointing. Their misleading promises and inability to provide basic banking services make them an unreliable choice for businesses in Italy. I strongly advise caution to anyone considering Qonto for their banking needs.","Ciao Davide,Abbiamo letto molto attentamente la recensione che ci hai lasciato.Qonto ha ricevuto un ordine da Banca dâ€™Italia per migliorare le sue misure anti-riciclaggio nella sua filiale italiana. Questo ordine include un divieto temporaneo di onboarding per i nuovi clienti in Italia a partire dal 25 luglio 2024.Ci scusiamo per la poca chiarezza della comunicazione relativa alla restrizione dell'ordine di nuove carte, tuttavia ti confermiamo che al momento non Ã¨ possibile procedere con tale funzionalitÃ .Ti assicuriamo che stiamo lavorando diligentemente per rispettare tutte le normative vigenti e per minimizzare l'impatto sui nostri clienti.Un nostro agente si Ã¨ giÃ  messo in contatto con te per proporti un gesto commerciale per scusarci dell'accaduto.Se hai bisogno di ulteriori chiarimenti o assistenza, non esitare a rispondere a questa email.Buona giornata",0.0,,2024-08-30,https://www.trustpilot.com/review/qonto.com?page=2,30,10-09-2024,0,0,0,0,2024,8,30,,1800,52,45,"''':""""''--''''",0,0,"i opened a qonto account for my new startup in milan, italy, incorporated on august 1st. qonto repeatedly assured me that their issues with banca d'italia wouldn't affect my account since i started the opening process before july 25th. this turned out to be completely false.while i managed to open the account and incorporate my company, qonto recently informed me they couldn't activate any cards for my account due to their regulatory issues in italy. this directly contradicts what they promised earlier, as evidenced by an email from their representative alessandro, who stated the restrictions apply only to future customers, therefore the account opening process for twini s.r.l. is not impacted in any way. now i'm left with a useless bank account, forced to transfer funds to a new bank and close this account as soon as possible. there's also a risk they might retain the currently deposited money, similar to what n26 did during a comparable situation in italy.this feels like a bait and switch. qonto told me one thing at the beginning and the opposite now. when i called them, they claimed they couldn't do anything about it and that the problem was beyond their control. the real issue is that they assured me the process would be smooth because i was before the deadline, only to completely change their stance a month later.qonto's actions are deceptive and unprofessional. they're likely to face significant problems in italy and lose substantial market share. i've decided to switch to revolut instead.in conclusion, my experience with qonto has been deeply disappointing. their misleading promises and inability to provide basic banking services make them an unreliable choice for businesses in italy. i strongly advise caution to anyone considering qonto for their banking needs.",en
bank,Younited CreditÂ ,christine,appreciation,dossier simple interlocuteur sympa rapide.,,0.0,,2018-03-21,https://www.trustpilot.com/review/www.younited-credit.com?page=29,38,10-09-2024,0,0,0,0,2018,3,21,,42,0,1,,0,0,dossier simple interlocuteur sympa rapide.,fr
bank,PixpayÂ ,Carlos,Muy manejable y conveniente," May 28, 2024","Muchas gracias, Carlos ğŸ˜ŠAlba",0.0,,2024-05-28,https://www.trustpilot.com/review/pixpay.eu?page=5,13,10-09-2024,0,0,0,0,2024,5,28,,13,1,1,,0,0,"may 28, 2024",tl
bank,01 Banque en LigneÂ ,Seb,Un site clair & simple d'utilisation,Un site clair & simple d'utilisation. M'a fait Ã©conomiser de l'argent sur les frais bancaires.,,0.0,,2019-11-20,https://www.trustpilot.com/review/01banque-en-ligne.fr?page=1,3,10-09-2024,0,0,0,0,2019,11,20,,94,2,6,&''',0,0,un site clair simple d'utilisation. m'a fait Ã©conomiser de l'argent sur les frais bancaires.,fr
bank,SumeriaÂ ,Maria,Easy to use,"Easy to use, practical. I really reccommend Lydia.",,0.0,,2022-09-17,https://www.trustpilot.com/review/sumeria.eu?page=27,51,10-09-2024,1,0,0,0,2022,9,17,,50,3,3,,0,0,"easy to use, practical. i really reccommend lydia.",en
bank,Orange BankÂ ,Loinnel,Super service," May 25, 2022","Bonjour Loinnel,Si notre service est super c'est surtout grÃ¢ce Ã  vous !A bientÃ´t,Tom.",0.0,,2022-05-25,https://www.trustpilot.com/review/orangebank.fr?page=19,41,10-09-2024,0,0,0,0,2022,5,25,,13,1,1,,0,0,"may 25, 2022",tl
bank,PixpayÂ ,Labriffe,Impeccable," October 14, 2023",Merci beaucoup ğŸ˜ŠJeanne,0.0,,2023-10-14,https://www.trustpilot.com/review/pixpay.eu?page=10,13,10-09-2024,0,0,0,0,2023,10,14,,17,1,1,,0,0,"october 14, 2023",sv
bank,BoursoBankÂ ,Tayeb Hamel,Super application,Super application,"Bonjour Tayeb, Nous vous remercions pour votre retour, le bon fonctionnement de notre application Ã©tant au cÅ“ur de nos prÃ©occupations, nous sommes ravis de votre message.Bonne journÃ©e, L'Ã©quipe BoursoBank",0.0,,2024-07-30,https://www.trustpilot.com/review/boursobank.com?page=7,10,10-09-2024,0,0,0,0,2024,7,30,,17,1,0,,0,0,super application,it
bank,SumeriaÂ ,ClÃ©ment,Application performante et intuitive,Application performante et intuitive ! les sous comptes sont un formidable outil de gestion.,,0.0,,2022-05-31,https://www.trustpilot.com/review/sumeria.eu?page=42,51,10-09-2024,1,0,0,0,2022,5,31,,92,1,2,,0,0,application performante et intuitive les sous comptes sont un formidable outil de gestion.,fr
bank,SumeriaÂ ,Chlo,Simple dâ€™utilisation," October 30, 2023",,0.0,,2023-10-30,https://www.trustpilot.com/review/sumeria.eu?page=7,51,10-09-2024,1,0,0,0,2023,10,30,,17,1,1,,0,0,"october 30, 2023",sv
bank,BoursoBankÂ ,Keith Surridge,Not impressed.,"Not impressed at all by the way the bank tries to foist a different card on you, making your choice for you (with extra charges inevitable) in the announcement that the old one needs renewing. To revert to the same card, with which I am very happy, took half a dozen pages to view and answer questions. Hopeless, waste of my time.It should seek to target its customers instead. There was no way I was going to take up the new card---that was obvious through my spending and transfer history.Aaaaggghh.",,0.0,,2023-02-03,https://www.trustpilot.com/review/boursobank.com?page=4,10,10-09-2024,0,0,0,0,2023,2,3,,501,8,15,()---,0,0,"not impressed at all by the way the bank tries to foist a different card on you, making your choice for you with extra charges inevitable in the announcement that the old one needs renewing. to revert to the same card, with which i am very happy, took half a dozen pages to view and answer questions. hopeless, waste of my time.it should seek to target its customers instead. there was no way i was going to take up the new card that was obvious through my spending and transfer history.aaaaggghh.",en
bank,helios.doÂ ,Etienne,Great app,"Great appEasy taking, and overall green.",,0.0,,2021-09-07,https://www.trustpilot.com/review/helios.do?page=1,3,10-09-2024,0,0,0,0,2021,9,7,,40,2,2,,0,0,"great appeasy taking, and overall green.",en
bank,la NefÂ ,O'Reilly,Au top,"Au top ! Merci Ã  Neil, mon conseiller qui se rend disponible et rÃ©pond trÃ¨s clairement Ã  toutes mes questions. Je suis ravie d'avoir mis mon Ã©pargne Ã  la Nef, seule banque vraiment en cohÃ©rence avec mes valeurs.",,0.0,,2022-04-11,https://www.trustpilot.com/review/www.lanef.com?page=4,6,10-09-2024,0,0,0,0,2022,4,11,,211,5,6,',0,0,"au top merci Ã  neil, mon conseiller qui se rend disponible et rÃ©pond trÃ¨s clairement Ã  toutes mes questions. je suis ravie d'avoir mis mon Ã©pargne Ã  la nef, seule banque vraiment en cohÃ©rence avec mes valeurs.",fr
bank,Younited CreditÂ ,ALEXANDRE,Rapide et simple !,Rapide et simple !Merci,,0.0,,2021-10-29,https://www.trustpilot.com/review/www.younited-credit.com?page=15,38,10-09-2024,1,0,0,0,2021,10,29,,23,2,1,,0,0,rapide et simple merci,fr
bank,SumeriaÂ ,Marouane,Hands down the best online bankingâ€¦,Hands down the best online banking company in the world.So easy and simple to use. And the support is amazing.Recommended.,,0.0,,2022-08-23,https://www.trustpilot.com/review/sumeria.eu?page=30,51,10-09-2024,1,0,0,0,2022,8,23,,122,4,4,,0,0,hands down the best online banking company in the world.so easy and simple to use. and the support is amazing.recommended.,en
bank,AnytimeÂ ,Deschamps,Super,Superam application,"Bonjour, Merci pour votre super avis â­ï¸Nous essayons d'Ãªtre toujours rÃ©actifs ! A bientÃ´t, Barbara - Anytime",0.0,,2022-10-11,https://www.trustpilot.com/review/anyti.me?page=4,14,10-09-2024,0,0,0,0,2022,10,11,,19,1,0,,0,0,superam application,it
bank,Orange BankÂ ,Aristhene,J'aime bien orange," July 27, 2022","Bonjour AristhÃ¨ne,Si vous aimez Orange, il n'y a pas de raison que ce ne soit pas le cas chez Orange Bank ğŸ˜‰Nous restons Ã  votre entiÃ¨re disposition si nÃ©cessaire.A bientÃ´t,Philippe",0.0,,2022-07-27,https://www.trustpilot.com/review/orangebank.fr?page=14,41,10-09-2024,0,0,0,0,2022,7,27,,14,1,1,,0,0,"july 27, 2022",fi
bank,AnytimeÂ ,GILLES,Changement de numero,"Rapide, comprehensif et efficace","Bonjour Gilles, Merci pour votre commentaire positif âš¡ï¸A trÃ¨s bientÃ´t, LÃ©a ğŸ¦‹",0.0,,2020-12-09,https://www.trustpilot.com/review/anyti.me?page=12,14,10-09-2024,0,0,0,0,2020,12,9,,32,1,1,,0,0,"rapide, comprehensif et efficace",fr
bank,QontoÂ ,Bhuyan md mofassal hossn,good service easy way to make transtion,good service easy way to make transtion,Thank you so much for your positive feedback and your support! ğŸ˜Š,0.0,,2024-06-14,https://www.trustpilot.com/review/qonto.com?page=5,30,10-09-2024,0,0,0,0,2024,6,14,,39,0,0,,0,0,good service easy way to make transtion,en
bank,Younited CreditÂ ,FERRI,Je recommande vivement younited," September 23, 2017",,0.0,,2017-09-23,https://www.trustpilot.com/review/www.younited-credit.com?page=33,38,10-09-2024,0,0,0,0,2017,9,23,,19,1,1,,0,0,"september 23, 2017",sv
bank,Hello bank! FranceÂ ,Akshay Sharma,From My side A Great Bankâ€¦ Must Haveâ€¦,From My side A Great Bankâ€¦ Must Have According To My Opinionâ€¦. â¤ï¸ğŸ’¯,"Hello Akshay Sharma,Nous sommes ravis de pouvoir vous rendre la vie facile au quotidien. <3Si nÃ©cessaire, nos conseillers restent disponibles au 01 43 63 15 15 (appel gratuit) du lundi au vendredi de 8h Ã  20h et le samedi de 8h Ã  18h mais Ã©galement via les rÃ©seaux sociaux, au besoin, avec une rÃ©ponse apportÃ©e dans l'heure : - Facebook via Messenger : https://m.me/HelloBankFr/ - X ( ex Twitter ) : https://x.com/Hellobank_fr Excellente journÃ©e Ã  vous et Ã  bientÃ´t chez Hello !Chris de la Hello Team",0.0,,2023-11-27,https://www.trustpilot.com/review/hellobank.fr?page=2,4,10-09-2024,0,0,0,0,2023,11,27,,66,11,6,â€¦â€¦â¤ï¸ğŸ’¯,0,0,from my side a great bank must have according to my opinion .,en
bank,Cofidis - O Cr&eacute;dito Por TelefoneÂ ,Actu.,Un peu compliquÃ© pour une demande deâ€¦,"Un peu compliquÃ© pour une demande de financement de 8.000 EUR.Appel, rappel, demande de documents a n'en plus finir.Jamais le mÃªme interlocuteur.Bref un peu compliquÃ©.",,0.0,,2022-12-23,https://www.trustpilot.com/review/cofidis.pt?page=1,6,10-09-2024,0,0,0,0,2022,12,23,,167,7,8,',0,0,"un peu compliquÃ© pour une demande de financement de 8.000 eur.appel, rappel, demande de documents a n'en plus finir.jamais le mÃªme interlocuteur.bref un peu compliquÃ©.",fr
bank,CofidisÂ ,FERRACCI JOSE,"simple,facile,interlocuteur tres sympaâ€¦","simple,facile,interlocuteur tres sympa .parfait que dire de plus",Bonjour JosÃ©. Je suis ravie de lire votre tÃ©moignage. ğŸ˜Š Bonne fin de journÃ©e. Emmanuelle de l'Ã©quipe Cofidis.,0.0,,2021-04-12,https://www.trustpilot.com/review/cofidis.fr?page=15,16,10-09-2024,0,0,0,0,2021,4,12,,64,0,3,,0,0,"simple,facile,interlocuteur tres sympa .parfait que dire de plus",fr
bank,la NefÂ ,M. GUILLEUX Antoine,La banque franÃ§aise la plus Ã©thique !," June 06, 2024",,0.0,,2024-06-06,https://www.trustpilot.com/review/www.lanef.com?page=6,6,10-09-2024,0,0,0,0,2024,6,6,,14,1,1,,0,0,"june 06, 2024",et
bank,CofidisÂ ,Client,Rapide simple et efficace," October 12, 2021","Bonjour,Merci pour votre commentaire et votre note 5 Ã©toiles ! ğŸ¤© A bientÃ´t. Florian de l'Ã©quipe Cofidis.",0.0,,2021-10-12,https://www.trustpilot.com/review/cofidis.fr?page=11,16,10-09-2024,0,0,0,0,2021,10,12,,17,1,1,,0,0,"october 12, 2021",en
bank,BoursoBankÂ ,Sachin PS,Good,Good and great,,0.0,,2024-04-10,https://www.trustpilot.com/review/boursobank.com?page=8,10,10-09-2024,0,0,0,0,2024,4,10,,14,1,0,,0,0,good and great,en
bank,Younited CreditÂ ,Serge  DROULLON,RAPIDITE,"RAPIDITE, FACILITE, documents faciles Ã  transmette via internet",,0.0,,2020-05-09,https://www.trustpilot.com/review/www.younited-credit.com?page=21,38,10-09-2024,1,0,0,0,2020,5,9,,63,16,2,,0,0,"rapidite, facilite, documents faciles Ã  transmette via internet",fr
bank,Orange BankÂ ,Ali,Merci beaucoup orange Bank," August 10, 2022","Bonjour Ali,Merci beaucoup pour votre gentil commentaire ğŸ˜ Nous avons pour objectif de vous fournir le service que vous mÃ©ritez ! ğŸ‘A bientÃ´t,Philippe",0.0,,2022-08-10,https://www.trustpilot.com/review/orangebank.fr?page=14,41,10-09-2024,0,0,0,0,2022,8,10,,16,1,1,,0,0,"august 10, 2022",et
bank,Orange BankÂ ,Kerouanton,Simple d utilisation," April 22, 2022","Bonjour,Nous nous efforÃ§ons dâ€™offrir Ã  nos clients une application de qualitÃ©, simple et rapide, et sommes heureux dâ€™avoir pu vous en faire bÃ©nÃ©ficier.A bientÃ´t,Philippe",0.0,,2022-04-22,https://www.trustpilot.com/review/orangebank.fr?page=25,41,10-09-2024,0,0,0,0,2022,4,22,,15,1,1,,0,0,"april 22, 2022",ro
bank,Ma French BankÂ ,Luciano Dopia,Bienvenue Ã   ma french banque," June 29, 2022","Bonjour,Votre commentaire nous va droit au cÅ“ur ! Heureux de vous savoir ravi par les services de Ma French Bank. Passez une belle journÃ©e ! Lâ€™Ã©quipe Ma French Bank",0.0,,2022-06-29,https://www.trustpilot.com/review/www.mafrenchbank.fr?page=2,5,10-09-2024,0,0,0,0,2022,6,29,,14,1,1,,0,0,"june 29, 2022",fr
bank,SumeriaÂ ,Christopher,Good,Good but tax is too much,,0.0,,2024-04-17,https://www.trustpilot.com/review/sumeria.eu?page=8,51,10-09-2024,1,0,0,0,2024,4,17,,24,1,0,,0,0,good but tax is too much,so
bank,CofidisÂ ,ESTELLE BERNEDE,Parfait et simple.," February 02, 2021",Je suis ravi de lire votre tÃ©moignage. ğŸ˜Š Bonne journÃ©e ! Philippe de l'Ã©quipe Cofidis.,0.0,,2021-02-02,https://www.trustpilot.com/review/cofidis.fr?page=16,16,10-09-2024,0,0,0,0,2021,2,2,,18,1,1,,0,0,"february 02, 2021",en
bank,Orange BankÂ ,Beau Soleil Consulting,Simple d'utilisation,Simple d'utilisationEfficace,"Bonjour,Merci pour ces belles Ã©toiles. C'est une belle rÃ©compense pour nous de lire ces quelques mots. Bonne journÃ©e, Elodie.",0.0,,2022-08-18,https://www.trustpilot.com/review/orangebank.fr?page=13,41,10-09-2024,0,0,0,0,2022,8,18,,28,2,1,',0,0,simple d'utilisationefficace,it
bank,AnytimeÂ ,JM Discret,"Relation nickel simple,efficace et suivie.","Mise en place du compte facile. Relation nickel simple, efficace et suivie avec les conseiller(e)s.Merci.","Bonjour, Merci pour cet avis qui nous fait chaud au coeur ğŸ’™A trÃ¨s bientÃ´t, LÃ©a ğŸ¦‹",0.0,,2021-04-23,https://www.trustpilot.com/review/anyti.me?page=3,14,10-09-2024,0,0,0,0,2021,4,23,,105,3,6,(),0,0,"mise en place du compte facile. relation nickel simple, efficace et suivie avec les conseiller e s.merci.",fr
bank,QontoÂ ,Bright Elawure,Very good bank," July 11, 2024","Hi Bright,Thank you for your positive words! We are always happy to hear that clients appreciate our products and services.Please reach out to us if you need any help.Best, Qonto Team.",0.0,,2024-08-01,https://www.trustpilot.com/review/qonto.com?page=9,30,10-09-2024,1,0,0,0,2024,8,1,,14,1,1,,0,0,"july 11, 2024",fi
bank,SumeriaÂ ,Messad,I really enjoy yousing it,"I really enjoy yousing it, very simple the staff are very reactif if needed and helpful i did recommend and will continue. Keep it up",,0.0,,2022-08-28,https://www.trustpilot.com/review/sumeria.eu?page=29,51,10-09-2024,1,0,0,0,2022,8,28,,133,2,2,,0,0,"i really enjoy yousing it, very simple the staff are very reactif if needed and helpful i did recommend and will continue. keep it up",en
bank,SumeriaÂ ,Kaito,Super safe and easy to use," May 14, 2022",Un grand merci !,0.0,,2022-05-14,https://www.trustpilot.com/review/sumeria.eu?page=45,51,10-09-2024,1,0,0,0,2022,5,14,,13,1,1,,0,0,"may 14, 2022",tl
bank,FloabankÂ ,Isabelle C.,Excellente application,Application facile Ã  utiliser sur smartphone,,0.0,,2021-04-07,https://www.trustpilot.com/review/floabank.fr?page=3,5,10-09-2024,0,0,0,0,2021,4,7,,44,1,0,,0,0,application facile Ã  utiliser sur smartphone,fr
bank,Orange BankÂ ,LEBRUN,Satisfaction !," July 20, 2022","Bonjour,Ravi de l'apprendre ğŸ¤—â€‹Notre objectif est de continuer Ã  garantir votre satisfaction encore longtemps ğŸ˜‰â€‹.A bientÃ´t,Philippe",0.0,,2022-07-20,https://www.trustpilot.com/review/orangebank.fr?page=14,41,10-09-2024,0,0,0,0,2022,7,20,,14,1,1,,0,0,"july 20, 2022",fi
bank,SumeriaÂ ,Jeremie,good,good application,,0.0,,2022-06-25,https://www.trustpilot.com/review/sumeria.eu?page=38,51,10-09-2024,1,0,0,0,2022,6,25,,16,0,0,,0,0,good application,en
bank,BoursoBankÂ ,NATHALIE B,Application intuitive,DÃ©couverte de l'application agrÃ©able et intuitive.Possible que j'utilise bourso comme ma banque principale,,0.0,,2023-12-15,https://www.trustpilot.com/review/boursobank.com?page=3,10,10-09-2024,0,0,0,0,2023,12,15,,106,2,3,'',0,0,dÃ©couverte de l'application agrÃ©able et intuitive.possible que j'utilise bourso comme ma banque principale,fr
bank,CofidisÂ ,michel fernandez,Super rapide,"Super rapide, merci",Bonjour Michel et merci pour ce retour. C'est un plaisir de vous accompagner dans ce projet. A trÃ¨s vite pour d'autres demandes ! Lionel de l'Ã©quipe Cofidis.,0.0,,2021-06-30,https://www.trustpilot.com/review/cofidis.fr?page=13,16,10-09-2024,0,0,0,0,2021,6,30,,19,1,1,,0,0,"super rapide, merci",ca
bank,QontoÂ ,DS BAU Plauen,The Best Account," March 22, 2022","Hello, ğŸ‘‹Weâ€™re really happy that you enjoy using Qonto. ğŸ˜If you have any questions, let us know!",0.0,,2022-03-22,https://www.trustpilot.com/review/qonto.com?page=22,30,10-09-2024,0,0,0,0,2022,3,22,,15,1,1,,0,0,"march 22, 2022",cy
bank,Ma French BankÂ ,PHILIPPE,simple eficace," April 20, 2023","Bonjour, Merci pour votre retour ! C'est un plaisir de vous lire ! :) L'Ã©quipe Ma French Bank.",0.0,,2023-04-20,https://www.trustpilot.com/review/www.mafrenchbank.fr?page=4,5,10-09-2024,0,0,0,0,2023,4,20,,15,1,1,,0,0,"april 20, 2023",ro
bank,PixpayÂ ,Magali Demanne,J'adore cette application," February 14, 2023",Merci Magali ğŸ˜Š,0.0,,2023-02-15,https://www.trustpilot.com/review/pixpay.eu?page=8,13,10-09-2024,0,0,0,0,2023,2,15,,18,1,1,,0,0,"february 14, 2023",en
bank,CofidisÂ ,Alain GRUDET,Impeccable.," November 17, 2020",Bonjour Alain. Merci pour votre message. ğŸ˜Š A bientÃ´t ! Florian de l'Ã©quipe Cofidis.,0.0,,2020-11-17,https://www.trustpilot.com/review/cofidis.fr?page=16,16,10-09-2024,0,0,0,0,2020,11,17,,18,1,1,,0,0,"november 17, 2020",sl
bank,BoursoBankÂ ,SHAHZAD A,Very fast excellent service," February 21, 2024",,0.0,,2024-02-21,https://www.trustpilot.com/review/boursobank.com?page=6,10,10-09-2024,0,0,0,0,2024,2,21,,18,1,1,,0,0,"february 21, 2024",en
bank,FortuneoÂ ,catherine heyman,IMPOSSIBLE DE FAIRE UN VIREMENT DE PLUSâ€¦,IMPOSSIBLE DE FAIRE UN VIREMENT DE PLUS DE 50000 EUROS SANS LEUR TELEPHONNERIMPOSSIBLE DE LES JOINDRE APRES 45 MN D'ATTENTE,,0.0,,2022-08-18,https://www.trustpilot.com/review/fortuneo.fr?page=7,10,10-09-2024,0,0,0,0,2022,8,18,,123,96,1,',0,0,impossible de faire un virement de plus de 50000 euros sans leur telephonnerimpossible de les joindre apres 45 mn d'attente,fr
bank,SumeriaÂ ,RAMI,profesional CS et easy to use onlineâ€¦,profesional CS et easy to use online banking,,0.0,,2022-12-31,https://www.trustpilot.com/review/sumeria.eu?page=23,51,10-09-2024,1,0,0,0,2022,12,31,,44,2,0,,0,0,profesional cs et easy to use online banking,en
bank,Younited CreditÂ ,client,Simple et rapide," February 19, 2023","Bonjour,Nous vous remercions pour ce commentaireâ€¯positif. En espÃ©rant que vous puissiez recommander Younited auprÃ¨s de votre entourage.Excellente journÃ©e,Tracy",0.0,,2023-02-28,https://www.trustpilot.com/review/www.younited-credit.com?page=5,38,10-09-2024,1,0,0,0,2023,2,28,,18,1,1,,0,0,"february 19, 2023",en
bank,Orange BankÂ ,POMARES Georgette,simple et efficace.," March 24, 2023","Merci Georgette  pour votre pragmatisme. C'est tout Ã  fait ce que nous souhaitons offrit Ã  nos clients : SimplicitÃ© d'utilisation, EfficacitÃ© de l'Application et du service client.Bonne journÃ©e et Ã  trÃ¨s vite,Lucas",0.0,,2023-03-25,https://www.trustpilot.com/review/orangebank.fr?page=7,41,10-09-2024,0,0,0,0,2023,3,25,,15,1,1,,0,0,"march 24, 2023",cy
bank,BritlineÂ ,Kate,Super Service,I have always experienced a super service at CREDIT AGRICOLE BRITLINE. One is treated like an individual with tailor made needs being considered. Requests are dealt with speed and clarity. If there is anything one is uncertain about concerning protocol or documentation my bank manager is always there to help. I have felt well supported by the bank over the past decade as we have carved a life in France.,,0.0,,2024-01-30,https://www.trustpilot.com/review/britline.com?page=2,5,10-09-2024,0,0,0,0,2024,1,30,,406,28,5,,0,0,i have always experienced a super service at credit agricole britline. one is treated like an individual with tailor made needs being considered. requests are dealt with speed and clarity. if there is anything one is uncertain about concerning protocol or documentation my bank manager is always there to help. i have felt well supported by the bank over the past decade as we have carved a life in france.,en
bank,Younited CreditÂ ,Dominique LEMAY,Super service," June 21, 2021",,0.0,,2021-06-21,https://www.trustpilot.com/review/www.younited-credit.com?page=17,38,10-09-2024,1,0,0,0,2021,6,21,,14,1,1,,0,0,"june 21, 2021",fr
bank,Orange BankÂ ,Alfred Guilbaut,J ai apprecie,BravoOrange bank faites plus de contacts teleohoniques avec vos clients... Vos collaborateurs sont excellentsTout simplementAlfred Guilbaut,"Bonjour Alfred,Ravi de vous savoir satisfait par la prise en charge de notre conseiller. Nos collaborateurs ont Ã  cÅ“ur de vous apporter toute leur expertise afin de rÃ©pondre au mieux Ã  vos attentes.A bientÃ´t,Philippe",0.0,,2022-07-12,https://www.trustpilot.com/review/orangebank.fr?page=15,41,10-09-2024,0,0,0,0,2022,7,12,,139,6,3,,0,0,bravoorange bank faites plus de contacts teleohoniques avec vos clients... vos collaborateurs sont excellentstout simplementalfred guilbaut,fr
bank,Orange BankÂ ,Francois,contact direct facile.," November 30, 2022",,0.0,,2022-12-01,https://www.trustpilot.com/review/orangebank.fr?page=4,41,10-09-2024,0,0,0,0,2022,12,1,,18,1,1,,0,0,"november 30, 2022",sl
bank,QontoÂ ,Pierre Boutigny,Top Top !,Top ! Top ! Top !,"Merci, merci, merci ! C'est un plaisir de vous compter parmi nos clients, Pierre. ğŸ’œ",0.0,,2021-05-24,https://www.trustpilot.com/review/qonto.com?page=25,30,10-09-2024,0,0,0,0,2021,5,24,,17,3,3,,0,0,top top top,en
bank,CofidisÂ ,Ryan,C'est tres tres bien serviceâ€¦,C'est tres tres bien service professionelle.!,Bonjour Ryan. Merci beaucoup pour votre note et votre commentaire. Je vous souhaite une belle journÃ©e. Matthias de l'Ã©quipe Cofidis.,0.0,,2022-08-30,https://www.trustpilot.com/review/cofidis.fr?page=4,16,10-09-2024,0,0,0,0,2022,8,30,,45,1,3,',0,0,c'est tres tres bien service professionelle.,fr
bank,AnytimeÂ ,REFIK BENGU,Excellent,Excellent ...,"Bonjour, Merci pour cet avis positif ! Nous sommes ravis de rÃ©pondre Ã  vos attentes ğŸ¥³A bientÃ´t, Barbara - Anytime",0.0,,2022-07-29,https://www.trustpilot.com/review/anyti.me?page=8,14,10-09-2024,0,0,0,0,2022,7,29,,13,1,3,,0,0,excellent ...,ca
bank,Orange BankÂ ,StÃ©phania,La star,Super merci au top,,0.0,,2022-10-24,https://www.trustpilot.com/review/orangebank.fr?page=6,41,10-09-2024,0,0,0,0,2022,10,24,,18,1,0,,0,0,super merci au top,ro
bank,Orange BankÂ ,Emilie,Parfait,Super application super banque,"Bonjour Emilie,Merci pour ce commentaire positif ğŸ˜Nous sommes heureux que vous soyez satisfait par nos services. A trÃ¨s bientÃ´t,LÃ©a, experte Orange Bank",0.0,,2022-04-14,https://www.trustpilot.com/review/orangebank.fr?page=27,41,10-09-2024,0,0,0,0,2022,4,14,,30,1,0,,0,0,super application super banque,fr
bank,SumeriaÂ ,Zakaria,Great !,"I appreciate lydia, good experience !",,0.0,,2022-05-15,https://www.trustpilot.com/review/sumeria.eu?page=44,51,10-09-2024,0,0,0,0,2022,5,15,,37,1,2,,0,0,"i appreciate lydia, good experience",it
bank,Green-GotÂ ,Bernardo,My green bank of choice,"They are very transparent about what they do, they base their decisions in science and have a disruptive approach to the bank market.",Thank you Bernardo ! It's a beautiful definition of Green-Got ğŸ˜,0.0,,2023-01-14,https://www.trustpilot.com/review/green-got.com?page=2,3,10-09-2024,0,0,0,0,2023,1,14,,133,1,2,,0,0,"they are very transparent about what they do, they base their decisions in science and have a disruptive approach to the bank market.",en
bank,Younited CreditÂ ,Laetitia,Merci Younited,Merci Younited. Je recommande.,"Bonjour  Madame, Nous sommes enchantÃ©s de vous lire.Bienvenue chez Younited.Excellente journÃ©e, AMOR de lâ€™Ã©quipe Younited Credit",0.0,,2019-05-31,https://www.trustpilot.com/review/www.younited-credit.com?page=26,38,10-09-2024,1,0,0,0,2019,5,31,,30,3,2,,0,0,merci younited. je recommande.,en
bank,ImmoprÃªtÂ ,TRUONG Dien Hoa,Excellent,Excellent! Working with Immopret is our best decision for our first apartment. All of the procedures are well prepared and anticipated which reduces the risk or our stress to zero. It took us less than 3.5 months from starting the project to getting the key.Highly recommend.,,0.0,,2022-05-12,https://www.trustpilot.com/review/immopret.fr?page=1,3,10-09-2024,1,0,0,0,2022,5,12,,275,6,6,,0,0,excellent working with immopret is our best decision for our first apartment. all of the procedures are well prepared and anticipated which reduces the risk or our stress to zero. it took us less than 3.5 months from starting the project to getting the key.highly recommend.,en
bank,SumeriaÂ ,Ainhoa,Too expensive for what it is," August 02, 2022",,0.0,,2022-08-02,https://www.trustpilot.com/review/sumeria.eu?page=33,51,10-09-2024,1,0,0,0,2022,8,2,,16,1,1,,0,0,"august 02, 2022",et
bank,Orange BankÂ ,Calliste,Libre,Libre et simple,"Bonjour Brigitte,La libertÃ© ! Valeur on ne peut plus cardinale !!Vous Ãªtes libre de consulter votre compte n'importe oÃ¹ et surtout n'importe quand en toute simplicitÃ© pour toujours savoir oÃ¹ vous en Ãªtes de vos opÃ©rations et de vos finances.Merci d'en avoir rappeler l'importance.Bonne journÃ©e Ã  vous,Romain",0.0,,2022-02-27,https://www.trustpilot.com/review/orangebank.fr?page=36,41,10-09-2024,0,0,0,0,2022,2,27,,15,1,0,,0,0,libre et simple,fr
bank,Younited CreditÂ ,Alain,Service simple et facile," November 13, 2019",,0.0,,2019-11-13,https://www.trustpilot.com/review/www.younited-credit.com?page=23,38,10-09-2024,1,0,0,0,2019,11,13,,18,1,1,,0,0,"november 13, 2019",no
bank,AnytimeÂ ,SHAWANA SADIQ,TRES REACTIVE," May 07, 2023","Bonjour, Nous vous remercions pour votre gentil commentaire ğŸ˜„Notre Ã©quipe essaie de vous accompagner dans la gestion de votre compte de la maniÃ¨re la plus efficace possible ğŸ™‚A trÃ¨s bientÃ´t, Barbara - Anytime",0.0,,2023-05-08,https://www.trustpilot.com/review/anyti.me?page=8,14,10-09-2024,0,0,0,0,2023,5,8,,13,1,1,,0,0,"may 07, 2023",tl
bank,FortuneoÂ ,ARNAUD MAYEUR,Application intuitive et facileâ€¦,Application intuitive et facile dâ€™utilisation. Seul bÃ©mol la messagerie qui ne fonctionne pas sur smartphone,,0.0,,2023-06-21,https://www.trustpilot.com/review/fortuneo.fr?page=3,10,10-09-2024,0,0,0,0,2023,6,21,,108,2,2,â€™,0,0,application intuitive et facile d utilisation. seul bÃ©mol la messagerie qui ne fonctionne pas sur smartphone,fr
bank,ImmoprÃªtÂ ,CARCAUD STEPHANIE,Mr Genereau Romain trÃ¨s professionnelâ€¦,Mr Genereau Romain trÃ¨s professionnel je recommande vivement.,,0.0,,2018-08-03,https://www.trustpilot.com/review/immopret.fr?page=1,3,10-09-2024,1,0,0,0,2018,8,3,,61,3,1,,0,0,mr genereau romain trÃ¨s professionnel je recommande vivement.,fr
bank,Younited CreditÂ ,cliente,Simple et rapide," March 02, 2023","Bonjour,Merci dâ€™avoir pris le temps de nous faire un retour sur votre expÃ©rience auprÃ¨s de Younited, et sommes ravis de lire que celle-ci sâ€™est bien passÃ©e.Nous nous efforÃ§ons dâ€™offrir Ã  nos clients un crÃ©dit aussi juste, simple et rapide que possible et sommes heureux dâ€™avoir pu vous en faire bÃ©nÃ©ficier.Excellente journÃ©e,Audrey",0.0,,2023-03-11,https://www.trustpilot.com/review/www.younited-credit.com?page=5,38,10-09-2024,1,0,0,0,2023,3,11,,15,1,1,,0,0,"march 02, 2023",cy
bank,PixpayÂ ,Damien LUCCHESI,Impeccable,Super application. Simple et facile et trÃ¨s Ã©ducative.,Merci Damien ! Ravie que les fonctionnalitÃ©s Ã©ducatives vous plaisent !Rebecca,0.0,,2021-06-20,https://www.trustpilot.com/review/pixpay.eu?page=12,13,10-09-2024,0,0,0,0,2021,6,20,,54,2,2,,0,0,super application. simple et facile et trÃ¨s Ã©ducative.,fr
bank,QontoÂ ,Sokona Sylla Ã‰p. Maiga,Excellent service !,Excellent service !,"Bonjour Sokona, nous vous remercions pour votre soutien prÃ©cieux ! ğŸ¤©",0.0,,2024-02-27,https://www.trustpilot.com/review/qonto.com?page=10,30,10-09-2024,0,0,0,0,2024,2,27,,19,1,1,,0,0,excellent service,fr
bank,SumeriaÂ ,QuÃ©lia  SOARES,Nothing to say,Nothing to say ! Everything is so easy to use and it work pretty well I recommend at 100%,,0.0,,2022-09-02,https://www.trustpilot.com/review/sumeria.eu?page=28,51,10-09-2024,1,0,0,0,2022,9,2,,89,3,2,%,0,0,nothing to say everything is so easy to use and it work pretty well i recommend at 100,en
bank,PixpayÂ ,CHRISTOPHER VAN PRAET,Simple dâ€™utilisation,"Simple dâ€™utilisation, efficace",Merci beaucoup Christopher !Rebecca,0.0,,2022-07-04,https://www.trustpilot.com/review/pixpay.eu?page=8,13,10-09-2024,0,0,0,0,2022,7,4,,30,1,2,â€™,0,0,"simple d utilisation, efficace",fr
bank,PixpayÂ ,Christopher Bedouret,Genial,"Simple, efficace, et facile d'utilisation.",Merci beaucoup Christopher votre votre avis. TrÃ¨s bonne annÃ©e Ã§Ã  vous et vos proches !Yasmine,0.0,,2021-12-26,https://www.trustpilot.com/review/pixpay.eu?page=7,13,10-09-2024,0,0,0,0,2021,12,26,,42,1,4,',0,0,"simple, efficace, et facile d'utilisation.",fr
bank,QontoÂ ,Amine,TrÃ¨s bon service," January 05, 2021","Merci beaucoup Amine, cela compte beaucoup pour nous ğŸ’œ",0.0,,2021-01-05,https://www.trustpilot.com/review/qonto.com?page=27,30,10-09-2024,0,0,0,0,2021,1,5,,17,1,1,,0,0,"january 05, 2021",id
bank,Orange BankÂ ,sabri elie,Application facile dâ€™utilisation,"Application facile dâ€™utilisation, service client disponible et efficace","Bonjour,Nous nous efforÃ§ons dâ€™offrir Ã  nos clients des services de qualitÃ©, une application simple et rapide, et sommes heureux dâ€™avoir pu vous en faire bÃ©nÃ©ficier.Bonne fin de journÃ©e,Philippe",0.0,,2022-04-22,https://www.trustpilot.com/review/orangebank.fr?page=26,41,10-09-2024,0,0,0,0,2022,4,22,,71,1,2,â€™,0,0,"application facile d utilisation, service client disponible et efficace",fr
bank,FloabankÂ ,laurence secondi,Service au top," February 16, 2023","Bonjour laurence secondi,Un grand merci pour votre message positif ! Vous savoir satisfait est une information prÃ©cieuse et nous encourage Ã  continuer dans ce sens.Votre conseiller clientÃ¨le FLOA Bank.",0.0,,2023-02-17,https://www.trustpilot.com/review/floabank.fr?page=2,5,10-09-2024,0,0,0,0,2023,2,17,,18,1,1,,0,0,"february 16, 2023",en
bank,SumeriaÂ ,Paramjot,Everything,Every update by email and trusted transfers,,0.0,,2023-12-01,https://www.trustpilot.com/review/sumeria.eu?page=4,51,10-09-2024,1,0,0,0,2023,12,1,,43,1,0,,0,0,every update by email and trusted transfers,en
bank,QontoÂ ,Joffrey,Parfait !,Service parfait !,"Bonjour Joffrey, merci pour votre soutien ! ğŸ˜‡",0.0,,2019-09-02,https://www.trustpilot.com/review/qonto.com?page=30,30,10-09-2024,0,0,0,0,2019,9,2,,17,1,1,,0,0,service parfait,fr
bank,QontoÂ ,Gabriel Manz,Charging 50% more now for the same service,"now they forced me to go to Qonto from PENTA. Now they charging for the same service 50% more. Before I paid 9,90â‚¬ for the basic package with sub accounts. Now they charging 19â‚¬ just for having sub accounts. it feels like we are cheated or tricked","Hello, thank you for your feedback.We have tried to reach you by phone to present the joining forces of PENTA with QONTO in details.Regarding your comment, our Smart plan includes more than only just a sub account as an additional service: 1 Mastercard, an accountant access to the account, our Bookkeeping pack, 60 instant SEPA transfers / direct debits + 2 cashed checks, and many advanced features that you can all check on our pricing page: https://qonto.com/en/pricing?select-toggle=soloPlease know that this joining force has the goal to support companies and associations in its daily core business, but also in the growth on the European and German market.The more functional Qonto accounts have been developed as an ""all-in-one"" finance solution, offering an additional solution for the accounting tasks alongside the bank accounts. Our aim has been to help our customers reduce or even eliminate the cost of additional bookkeeping tool.You can select whichever pricing plan suits your needs and you can also change it whenever you want.If you have any further questions, please do not hesitate to contact us by email, chat, or phone.Have a good day.Nina - Care team",0.0,,2023-01-18,https://www.trustpilot.com/review/qonto.com?page=18,30,10-09-2024,0,0,0,0,2023,1,18,,247,10,8,%â‚¬â‚¬,0,0,"now they forced me to go to qonto from penta. now they charging for the same service 50 more. before i paid 9,90 for the basic package with sub accounts. now they charging 19 just for having sub accounts. it feels like we are cheated or tricked",en
bank,QontoÂ ,Natalia,This is the best of the best service Iâ€¦,"This is the best of the best service I ever had in my life! Fast response, answer always all your questions..they call you you if you ask..amazing!!!","Thank you so much Natalia, for your support ! ğŸ’œ",0.0,,2021-04-09,https://www.trustpilot.com/review/qonto.com?page=26,30,10-09-2024,0,0,0,0,2021,4,9,,149,3,9,,0,0,"this is the best of the best service i ever had in my life fast response, answer always all your questions..they call you you if you ask..amazing",en
bank,Orange BankÂ ,Sandrine ğŸ˜‰,Super cool,Rapide efficace,"Bonjour Sandrine, Merci pour ce retour. Nos dÃ©veloppeurs ont travaillÃ© dur pour vous proposer une application efficace, fiable et rapide. Nous sommes heureux de savoir que Ã§a vous plait :-)Belle journÃ©e, Elodie.",0.0,,2022-07-22,https://www.trustpilot.com/review/orangebank.fr?page=14,41,10-09-2024,0,0,0,0,2022,7,22,,15,1,0,,0,0,rapide efficace,es
bank,SumeriaÂ ,MaÃ«l,"It just works, easily.","I use it mostly to send money to friends.It's painless to use and it just works.We are a big group of friends and we use it often to send money between ourselves. It's way easier than getting a RIB, and very fast.I sometime used the permanent/one time payment cards as well.I've been using Lydia for years now and it just worked. I'm not asking for more.",,0.0,,2022-10-29,https://www.trustpilot.com/review/sumeria.eu?page=25,51,10-09-2024,1,0,0,0,2022,10,29,,354,11,13,''/'',0,0,"i use it mostly to send money to friends.it's painless to use and it just works.we are a big group of friends and we use it often to send money between ourselves. it's way easier than getting a rib, and very fast.i sometime used the permanent one time payment cards as well.i've been using lydia for years now and it just worked. i'm not asking for more.",en
bank,Hello bank! FranceÂ ,gang LIN,nice,"niceï¼Œgood,perfect","Hello gang ! Thank you for this comment ! ğŸ˜You're the perfect one. â¤ï¸If necessary, our advisors remain available on 01 43 63 15 15 (free call) from Monday to Friday from 8 a.m. to 8 p.m. and Saturday from 8 a.m. to 6 p.m. but also via social networks, if necessary, with an answer provided within the hour:- Facebook via Messenger: https://m.me/HelloBankFr/- X (ex Twitter): https://x.com/Hellobank_frHave a great day and see you soon at Hello!Fatia de la Hello Team.",0.0,,2024-03-11,https://www.trustpilot.com/review/hellobank.fr?page=3,4,10-09-2024,0,0,0,0,2024,3,11,,17,0,2,ï¼Œ,0,0,"nice good,perfect",en
bank,Orange BankÂ ,Nicole Lopez Beltran,TrÃ¨s utile..," May 19, 2023",Merci Nicole pour cette reconnaissance. Bonne journÃ©e avec Orange Bank et son Appli.,0.0,,2023-05-23,https://www.trustpilot.com/review/orangebank.fr?page=9,41,10-09-2024,0,0,0,0,2023,5,23,,13,1,1,,0,0,"may 19, 2023",tl
bank,BoursoBankÂ ,M C,they refuse checks (of more than 250 e),I moved to Boursorama last year due to limitations of foreign online banks. Recently Boursorama stopped accepting checks of more than 250 e. It would more honest to simply refuse checks completely. Either way this makes them useless to me.,,0.0,,2023-06-19,https://www.trustpilot.com/review/boursobank.com?page=3,10,10-09-2024,0,0,0,0,2023,6,19,,239,6,4,,0,0,i moved to boursorama last year due to limitations of foreign online banks. recently boursorama stopped accepting checks of more than 250 e. it would more honest to simply refuse checks completely. either way this makes them useless to me.,en
bank,SumeriaÂ ,Clement,TrÃ¨s bon application," May 14, 2022",,0.0,,2022-05-14,https://www.trustpilot.com/review/sumeria.eu?page=45,51,10-09-2024,1,0,0,0,2022,5,14,,13,1,1,,0,0,"may 14, 2022",tl
bank,FortuneoÂ ,Andrian,Simple et efficace !,Simple et efficace !,,0.0,,2024-07-16,https://www.trustpilot.com/review/fortuneo.fr?page=2,10,10-09-2024,0,0,0,0,2024,7,16,,20,1,1,,0,0,simple et efficace,fr
bank,la NefÂ ,AnaÃ¯s Lrc,Je suis trÃ¨s satisfaite de la Nef,Je suis trÃ¨s satisfaite de la Nef. Je suis en accord avec ses valeurs et les activitÃ©s financÃ©es.,,0.0,,2022-04-06,https://www.trustpilot.com/review/www.lanef.com?page=5,6,10-09-2024,0,0,0,0,2022,4,6,,97,3,2,,0,0,je suis trÃ¨s satisfaite de la nef. je suis en accord avec ses valeurs et les activitÃ©s financÃ©es.,fr
bank,CofidisÂ ,JC,Simple rapide et efficace," March 16, 2021",Bonjour JC. Rapide et efficace ! Enorme merci. ğŸ’ªğŸ» Je vous souhaite une agrÃ©able journÃ©e. Florian de l'Ã©quipe Cofidis.,0.0,,2021-03-16,https://www.trustpilot.com/review/cofidis.fr?page=15,16,10-09-2024,0,0,0,0,2021,3,16,,15,1,1,,0,0,"march 16, 2021",cy
bank,Green-GotÂ ,Adrien,Juste parfait !,"Why continue to deposit your money in a bank that will use it to finance, among other things, fossil fuels, when GreenGot exists? This neo-bank has everything a great one has to offer, the user experience is simply perfect and the money deposited is secure. I use it on a daily basis and, in practice, nothing has changed compared to my old bank, except that basically everything has changed! Thanks to GreenGot for existing and to Maud's team for developing it.Pourquoi continuer Ã  dÃ©poser son argent dans une banque qui l'utilisera pour financer, entre autres, les Ã©nergies fossiles, quand GreenGot existe ? Cette nÃ©o-banque a tout d'une grande, l'expÃ©rience utilisateur est simplement parfaite et l'argent dÃ©posÃ© est sÃ©curisÃ©. Je l'utilise au quotidien et, en pratique, rien n'a changÃ© par rapport Ã  mon ancienne banque, sauf qu'au fond, tout a changÃ© ! Merci Ã  GreenGot d'exister et Ã  l'Ã©quipe de Maud de la dÃ©velopper.","""Rien a changÃ© mais tout a changÃ©"" c'est une bonne idÃ©e de slogan Ã§a ! ğŸ”¥ Merci Ã  vous, c'est grÃ¢ce Ã  nos membres que tout est possible. On se rÃ©pÃ¨te mais c'est si vrai ! L'union fait la force ğŸ’ªğŸ»",0.0,,2023-01-23,https://www.trustpilot.com/review/green-got.com?page=1,3,10-09-2024,0,0,0,0,2023,1,23,,923,18,35,-''-'''''''',0,0,"why continue to deposit your money in a bank that will use it to finance, among other things, fossil fuels, when greengot exists this neo bank has everything a great one has to offer, the user experience is simply perfect and the money deposited is secure. i use it on a daily basis and, in practice, nothing has changed compared to my old bank, except that basically everything has changed thanks to greengot for existing and to maud's team for developing it.pourquoi continuer Ã  dÃ©poser son argent dans une banque qui l'utilisera pour financer, entre autres, les Ã©nergies fossiles, quand greengot existe cette nÃ©o banque a tout d'une grande, l'expÃ©rience utilisateur est simplement parfaite et l'argent dÃ©posÃ© est sÃ©curisÃ©. je l'utilise au quotidien et, en pratique, rien n'a changÃ© par rapport Ã  mon ancienne banque, sauf qu'au fond, tout a changÃ© merci Ã  greengot d'exister et Ã  l'Ã©quipe de maud de la dÃ©velopper.",fr
bank,SOFINCOÂ ,Claudette,ENTREPRISE  TRES PROFESSINNEL," November 13, 2023","Bonjour Claudette,C'est avec grand plaisir que je vous lis, je vous remercie pour votre retour.Sarah",0.0,,2023-11-13,https://www.trustpilot.com/review/sofinco.fr?page=3,4,10-09-2024,0,0,0,0,2023,11,13,,18,1,1,,0,0,"november 13, 2023",no
bank,QontoÂ ,Lilius JJ,Works well,we have been using them for our company 3 years and everything has worked well.,"Hello Lilius, ğŸ‘‹Weâ€™re really happy that you enjoy using Qonto for the past 3 years. If you have any questions, let us know!",0.0,,2024-04-15,https://www.trustpilot.com/review/qonto.com?page=4,30,10-09-2024,0,0,0,0,2024,4,15,,79,0,1,,0,0,we have been using them for our company 3 years and everything has worked well.,en
bank,ONLYONEÂ ,Marine,Compte ouvert il y a quelques mois,Compte ouvert il y a quelques mois . Pour l instant pas de souci mais je trouve les rÃ©ponses par mails un peu longue 2 a 3 jours . Paiement par carte le 6 juillet multiplie par 3 et Ã  ce jour pas remboursÃ© de la diffÃ©rence.pas de numÃ©ro service client . Dommage ğŸ˜° sinon rien a dire.,"Bonjour,Merci d'avoir partagÃ© votre expÃ©rience.Nous sommes navrÃ©s pour les dÃ©lais de rÃ©ponse. Nous nous efforÃ§ons de rÃ©pondre sous un dÃ©lai maximum de 24h ouvrÃ©es (hors week-end).Nous vous invitons Ã  nous contacter au 01 76 35 02 95 pour toute difficultÃ© rencontrÃ©e (joignable de 9h30 Ã  17h30).Ã€ votre disposition.",0.0,,2023-07-19,https://www.trustpilot.com/review/onlyonecard.eu?page=1,2,10-09-2024,0,0,0,0,2023,7,19,,282,4,6,ğŸ˜°,0,1,compte ouvert il y a quelques mois . pour l instant pas de souci mais je trouve les rÃ©ponses par mails un peu longue 2 a 3 jours . paiement par carte le 6 juillet multiplie par 3 et Ã  ce jour pas remboursÃ© de la diffÃ©rence.pas de numÃ©ro service client . dommage sinon rien a dire.,fr
bank,Younited CreditÂ ,BOULL VERO,Bon  simple et rapide," January 03, 2018",,0.0,,2018-01-03,https://www.trustpilot.com/review/www.younited-credit.com?page=31,38,10-09-2024,0,0,0,0,2018,1,3,,17,1,1,,0,0,"january 03, 2018",id
bank,QontoÂ ,David Alexandre Jacques Cavare,Rapide,"Rapide, simple, efficace, prix plus que correct","Bonjour David, Merci pour votre avis ! Nous sommes trÃ¨s heureux de vous compter parmi nos clients. Si vous avez des questions, n'hÃ©sitez pas Ã  nous contacter Ã  l'adresse careteam@qonto.comBonne journÃ©e. â˜€ï¸",0.0,,2024-05-13,https://www.trustpilot.com/review/qonto.com?page=3,30,10-09-2024,0,0,0,0,2024,5,13,,47,1,3,,0,0,"rapide, simple, efficace, prix plus que correct",fr
bank,Younited CreditÂ ,SYLVESTRE,APPRECIABLE," October 29, 2021","Bonjour Monsieur,Nous sommes enchantÃ©s de vous lire et ravis dâ€™avoir contribuÃ© Ã  la rÃ©alisation de votre projet . Bienvenue chez Younited. Excellente journÃ©e, SOFIANE de l'Ã©quipe Younited Credit",0.0,,2021-10-29,https://www.trustpilot.com/review/www.younited-credit.com?page=15,38,10-09-2024,1,0,0,0,2021,10,29,,17,1,1,,0,0,"october 29, 2021",sv
bank,CofidisÂ ,277920,rapide,"rapide, simple, efficace","Merci, Ã§a fait vraiment plaisir ! Nous ferons tout notre possible pour continuer Ã  vous apporter satisfaction. A bientÃ´t ! Manon de l'Ã©quipe Cofidis.",0.0,,2024-07-13,https://www.trustpilot.com/review/cofidis.fr?page=2,16,10-09-2024,0,0,0,0,2024,7,13,,24,0,2,,0,0,"rapide, simple, efficace",it
bank,SumeriaÂ ,Helder Silva,I opened an account,"I open account, I received money from Vinted, they blocked my account withâ‚¬200 and they stole my money",,0.0,,2024-05-27,https://www.trustpilot.com/review/sumeria.eu?page=8,51,10-09-2024,0,0,0,0,2024,5,27,,102,3,3,â‚¬,0,0,"i open account, i received money from vinted, they blocked my account with 200 and they stole my money",en
bank,SumeriaÂ ,Jason,Thanks Lydia to come in my life ğŸ’—," August 15, 2023",,0.0,,2023-08-19,https://www.trustpilot.com/review/sumeria.eu?page=14,51,10-09-2024,1,0,0,0,2023,8,19,,16,1,1,,0,0,"august 15, 2023",et
bank,Younited CreditÂ ,Cathy Notelet,SImple et rapide," September 24, 2020","Bonjour  Madame,Nous sommes ravis de lire que vous Ãªtes pleinement satisfait de votre expÃ©rience Younited et sommes heureux de vous compter parmi nos clients.Excellente journÃ©e,Diane de lâ€™Ã©quipe Younited Credit",0.0,,2020-09-24,https://www.trustpilot.com/review/www.younited-credit.com?page=19,38,10-09-2024,1,0,0,0,2020,9,24,,19,1,1,,0,0,"september 24, 2020",sv
bank,Younited CreditÂ ,Erick,tres content de Younited personnelâ€¦,tres content de Younited personnel agreable Ã  l'Ã©coute et de bon conseil,"Bonjour   Monsieur,Nous vous remercions dâ€™avoir pris le temps de nous laisser un message et sommes ravis de lire que vous Ãªtre pleinement satisfait de votre expÃ©rience Younited.Excellente journÃ©e,DIANE de l'Ã©quipe Younited Credit",0.0,,2021-08-23,https://www.trustpilot.com/review/www.younited-credit.com?page=16,38,10-09-2024,1,0,0,0,2021,8,23,,72,1,1,',0,0,tres content de younited personnel agreable Ã  l'Ã©coute et de bon conseil,fr
bank,MonabanqÂ ,Virgil Ben Abdallah,Superbe !,Superbe !!!,Merci pour cette superbe note Virgil ! Vous Ãªtes au centre de notre attention. Nous vous souhaitons une trÃ¨s belle annÃ©e.Manon de l'Ã©quipe Monabanq.,0.0,,2023-12-26,https://www.trustpilot.com/review/www.monabanq.com?page=2,4,10-09-2024,0,0,0,0,2023,12,26,,11,1,3,,0,0,superbe,id
bank,SumeriaÂ ,Singh,Singh,This is great app,,0.0,,2023-08-20,https://www.trustpilot.com/review/sumeria.eu?page=14,51,10-09-2024,1,0,0,0,2023,8,20,,17,1,0,,0,0,this is great app,en
bank,SumeriaÂ ,Rya etienne,So nice,So nice and I love it,,0.0,,2022-05-14,https://www.trustpilot.com/review/sumeria.eu?page=44,51,10-09-2024,1,0,0,0,2022,5,14,,21,2,0,,0,0,so nice and i love it,en
bank,BoursoBankÂ ,SÃ¸ren,Terrible service!,"I just moved to France and tried to apply to open a bank account. I try to call them with my partner translating, but they refused to accept me, simply because I donâ€™t speak French â€œwell enoughâ€. Absolutely unacceptable!",,0.0,,2021-10-21,https://www.trustpilot.com/review/boursobank.com?page=10,10,10-09-2024,0,0,0,0,2021,10,21,,220,6,8,â€™â€œâ€,0,0,"i just moved to france and tried to apply to open a bank account. i try to call them with my partner translating, but they refused to accept me, simply because i don t speak french well enough . absolutely unacceptable",en
bank,ShineÂ ,Martins,Great app,Great app? ğŸ‘,,0.0,,2024-05-08,https://www.trustpilot.com/review/shine.fr?page=4,6,10-09-2024,1,0,0,0,2024,5,8,,12,1,2,ğŸ‘,1,0,great app,en
bank,Orange BankÂ ,Frederic,Simple rapide et efficace," March 09, 2022","Merci FrÃ©deric pour toutes ces Ã©toiles et cet avis en adÃ©quation avec notre nouvelle signature : ""Tellement simple, tellement mobile"".Une belle journÃ©e,Lucas",0.0,,2022-03-09,https://www.trustpilot.com/review/orangebank.fr?page=34,41,10-09-2024,0,0,0,0,2022,3,9,,15,1,1,,0,0,"march 09, 2022",cy
bank,ONLYONEÂ ,Aksil,Excellente banque,TrÃ¨s content des services et de la rÃ©activitÃ© en cas de problÃ¨me. Je suis trÃ¨s satisfait.,,0.0,,2023-06-16,https://www.trustpilot.com/review/onlyonecard.eu?page=2,2,10-09-2024,0,0,0,0,2023,6,16,,89,2,2,,0,0,trÃ¨s content des services et de la rÃ©activitÃ© en cas de problÃ¨me. je suis trÃ¨s satisfait.,fr
bank,Orange BankÂ ,Philippe,Solution Ã  une question.,Professionnel,"Bonjour,Nos conseillers sont Ã  lâ€™honneur aujourdâ€™hui ğŸ¤—!Nous vous en remercions car leur professionnalisme est reconnu !Nous vous souhaitons une excellente journÃ©e,Philippe",0.0,,2022-04-19,https://www.trustpilot.com/review/orangebank.fr?page=27,41,10-09-2024,0,0,0,0,2022,4,19,,13,1,0,,0,0,professionnel,it
bank,Younited CreditÂ ,Annaelle,Rapide efficace disponible 10/10," June 14, 2024",,0.0,,2024-06-19,https://www.trustpilot.com/review/www.younited-credit.com?page=6,38,10-09-2024,1,0,0,0,2024,6,19,,14,1,1,,0,0,"june 14, 2024",et
bank,Younited CreditÂ ,Cascarille,Rapide efficace merci younited," March 25, 2020",,0.0,,2020-03-25,https://www.trustpilot.com/review/www.younited-credit.com?page=22,38,10-09-2024,1,0,0,0,2020,3,25,,15,1,1,,0,0,"march 25, 2020",cy
bank,Younited CreditÂ ,Nico,Good platform but system issues,"Younited is a good platform that offers a fast and reliable initial service, and I cannot deny this.However, I have rated it two (2) stars due to issues I encountered after making an early payment with the ""reduce installment amount"" option. Despite discussing this with customer service, the following month I was supposed to see my installment reduced by approximately â‚¬30, but it was not reduced, and I still received the full amount.I await clarification as soon as possible, especially since Younited is aware that I have paid several installments to close the account earlier, and these were higher payments to finish sooner.I urgently await clarification and resolution of this issue.Sincerely,","Good morning,We thank you for taking the time to leave us a comment.We are delighted to have you among our customers, however, we are sorry to read that you are not fully satisfied with your Younited experience.We apologize for the inconvenience caused and we will do everything we can to ensure that your experience at Younited is optimal.Do not hesitate to send us any other comments as customer satisfaction is at the heart of our concerns.Have a great day,",0.0,,2024-08-27,https://www.trustpilot.com/review/www.younited-credit.com?page=2,38,10-09-2024,0,0,0,0,2024,8,27,,701,13,18,"()""""â‚¬",0,0,"younited is a good platform that offers a fast and reliable initial service, and i cannot deny this.however, i have rated it two 2 stars due to issues i encountered after making an early payment with the reduce installment amount option. despite discussing this with customer service, the following month i was supposed to see my installment reduced by approximately 30, but it was not reduced, and i still received the full amount.i await clarification as soon as possible, especially since younited is aware that i have paid several installments to close the account earlier, and these were higher payments to finish sooner.i urgently await clarification and resolution of this issue.sincerely,",en
bank,Orange BankÂ ,Quaranta,J'utilise Orange Bank parce que c'estâ€¦,J'utilise Orange Bank parce que c'est simple et efficace.,"Bonjour,Merci, Ã§a fait vraiment plaisir ğŸ¤—Nous ferons tout notre possible pour continuer Ã  vous apporter satisfaction.Bonne journÃ©e Ã  vous,Philippe",0.0,,2022-06-22,https://www.trustpilot.com/review/orangebank.fr?page=16,41,10-09-2024,0,0,0,0,2022,6,22,,57,3,3,'',0,0,j'utilise orange bank parce que c'est simple et efficace.,fr
bank,Younited CreditÂ ,Gerard MAUCCI,Simple est efficace," June 23, 2021",,0.0,,2021-06-23,https://www.trustpilot.com/review/www.younited-credit.com?page=17,38,10-09-2024,1,0,0,0,2021,6,23,,14,1,1,,0,0,"june 23, 2021",fr
bank,QontoÂ ,Andres Casanova,BAD AND INEFFICIENT COMPANY,"Since the start of the relationship there was a complete lack of communication, leaving me to contact them constantly for anything to move forward. The whole process and lack of regard for the time of the customer is absurd. It's always you chasing them for information. On top of all that time wasted and frustrations, the end result is that they refuse to accept a legal document as proof of ID thus cancelling my account and not refunding the prepayment of their annual plan. THE WORST EXPERIENCE OVERALL!","Hello Andres,We read your review very carefully. We are very sorry for this comment. Indeed, we tried to assist you as best we could in the process of opening your account. However, as we have explained on several occasions, the document you provided is not among those accepted by Qonto (information also available on our website) and, for security reasons, we cannot admit any exceptions.â€¨â€¨Regarding the refund, as you have already been informed, it has already been made via the stated payment method.â€¨â€¨We have tried to contact you again without receiving any reply. If you have any questions, we remain at your disposal.Have a nice day.",0.0,,2022-10-27,https://www.trustpilot.com/review/qonto.com?page=19,30,10-09-2024,0,0,0,0,2022,10,27,,508,31,8,',0,0,"since the start of the relationship there was a complete lack of communication, leaving me to contact them constantly for anything to move forward. the whole process and lack of regard for the time of the customer is absurd. it's always you chasing them for information. on top of all that time wasted and frustrations, the end result is that they refuse to accept a legal document as proof of id thus cancelling my account and not refunding the prepayment of their annual plan. the worst experience overall",en
bank,01 Banque en LigneÂ ,Kim Sam Soon,TrÃ¨s bon site,"TrÃ¨s bon site, j'aime le visitÃ©e pour faire mon choix en toute sÃ©curitÃ©, un travail trÃ¨s professionnelle. Bravo.",,0.0,,2019-11-22,https://www.trustpilot.com/review/01banque-en-ligne.fr?page=1,3,10-09-2024,0,0,0,0,2019,11,22,,112,2,5,',0,0,"trÃ¨s bon site, j'aime le visitÃ©e pour faire mon choix en toute sÃ©curitÃ©, un travail trÃ¨s professionnelle. bravo.",fr
bank,Orange BankÂ ,Murielle.D,FACILE,Banque en ligne simple ludique facile,"Bonjour Murielle,Ravi de l'apprendre ğŸ¤—â€‹!Nos techniciens ont mis Ã  votre disposition une application simple et rapide, et sommes heureux dâ€™avoir pu vous en faire bÃ©nÃ©ficier.A bientÃ´t,Philippe",0.0,,2022-06-01,https://www.trustpilot.com/review/orangebank.fr?page=17,41,10-09-2024,0,0,0,0,2022,6,1,,37,1,0,,0,0,banque en ligne simple ludique facile,fr
bank,SumeriaÂ ,Leon,Very good,Perfect simple et efficiency!,,0.0,,2024-05-05,https://www.trustpilot.com/review/sumeria.eu?page=6,51,10-09-2024,1,0,0,0,2024,5,5,,29,1,1,,0,0,perfect simple et efficiency,fr
bank,CofidisÂ ,CHRISTINE,Simple et rapide," July 08, 2024",Bonjour Christine .Je vous remercie pour votre message. Je vous souhaite une bonne journÃ©e ! Anthony de l'Ã©quipe Cofidis.,0.0,,2024-07-16,https://www.trustpilot.com/review/cofidis.fr?page=2,16,10-09-2024,0,0,0,0,2024,7,16,,14,1,1,,0,0,"july 08, 2024",fi
bank,CofidisÂ ,MTE,Rapide et simple," April 06, 2021",Merci pour votre message. ğŸ˜Š A bientÃ´t ! RÃ©mi de l'Ã©quipe Cofidis.,0.0,,2021-04-06,https://www.trustpilot.com/review/cofidis.fr?page=15,16,10-09-2024,0,0,0,0,2021,4,6,,15,1,1,,0,0,"april 06, 2021",ro
bank,Younited CreditÂ ,michel,Conforme en tous points Ã  l'engagementâ€¦,Conforme en tous points Ã  l'engagement prÃ©vu. Rien Ã  redire !,,0.0,,2021-11-03,https://www.trustpilot.com/review/www.younited-credit.com?page=15,38,10-09-2024,1,0,0,0,2021,11,3,,61,2,3,',0,0,conforme en tous points Ã  l'engagement prÃ©vu. rien Ã  redire,fr
bank,Orange BankÂ ,Edward Toque-Tanniou,Service pratique et bonne application," September 24, 2023","Tout est dit ! Merci Eddy :)Ã  bientÃ´t,Margaux",0.0,,2023-09-24,https://www.trustpilot.com/review/orangebank.fr?page=4,41,10-09-2024,0,0,0,0,2023,9,24,,19,1,1,,0,0,"september 24, 2023",sv
bank,Younited CreditÂ ,Franck VUILLERMOZ,Cool,Service facile,,0.0,,2018-02-02,https://www.trustpilot.com/review/www.younited-credit.com?page=31,38,10-09-2024,0,0,0,0,2018,2,2,,14,1,0,,0,0,service facile,ro
bank,SumeriaÂ ,Ahmed Taimur Zia,Marvelous,Excellent platform,,0.0,,2024-01-20,https://www.trustpilot.com/review/sumeria.eu?page=10,51,10-09-2024,1,0,0,0,2024,1,20,,18,1,0,,0,0,excellent platform,ca
bank,CofidisÂ ,PHILIPPE KLEGUER,TrÃ¨s bon contact," July 15, 2024",Bonjour Philippe. Merci pour votre message. ğŸ˜Š A bientÃ´t ! Cyril de l'Ã©quipe Cofidis.,0.0,,2024-07-17,https://www.trustpilot.com/review/cofidis.fr?page=2,16,10-09-2024,0,0,0,0,2024,7,17,,14,1,1,,0,0,"july 15, 2024",fi
bank,SumeriaÂ ,Liza,Excellente application,TrÃ¨s bonne application ! Bon service client !,,0.0,,2022-05-15,https://www.trustpilot.com/review/sumeria.eu?page=44,51,10-09-2024,0,0,0,0,2022,5,15,,45,2,2,,0,0,trÃ¨s bonne application bon service client,fr
bank,FloabankÂ ,ksenia eradze,At this moment  Floa bank  is on topâ€¦,At this moment  Floa bank  is on top .thank  you  for  good  service,,0.0,,2021-03-26,https://www.trustpilot.com/review/floabank.fr?page=2,5,10-09-2024,0,0,0,0,2021,3,26,,68,2,1,,0,0,at this moment floa bank is on top .thank you for good service,en
bank,SOFINCOÂ ,Michele CROST,I recommend Sofinco â€¦,i don't have any problem with Sofinco but the cost of living has gone up and I think they should leave us get an extra 200 to 500â‚¬ extra. I would be happy to pay for longer if this was possible,"Hello, I understand your message.Good day,Julie",0.0,,2024-06-29,https://www.trustpilot.com/review/sofinco.fr?page=1,4,10-09-2024,0,0,0,0,2024,6,29,,193,3,3,'â‚¬,0,0,i don't have any problem with sofinco but the cost of living has gone up and i think they should leave us get an extra 200 to 500 extra. i would be happy to pay for longer if this was possible,en
bank,Younited CreditÂ ,cliente,RapiditÃ© dâ€™intervention," April 26, 2023","Bonjour,Merci dâ€™avoir pris le temps de nous faire un retour sur votre expÃ©rience auprÃ¨s de Younited, et sommes ravis de lire que celle-ci sâ€™est bien passÃ©e.Nous nous efforÃ§ons dâ€™offrir Ã  nos clients un crÃ©dit aussi juste, simple et rapide que possible et sommes heureux dâ€™avoir pu vous en faire bÃ©nÃ©ficier.Excellente journÃ©e,Â Amori",0.0,,2023-05-02,https://www.trustpilot.com/review/www.younited-credit.com?page=9,38,10-09-2024,1,0,0,0,2023,5,2,,15,1,1,,0,0,"april 26, 2023",ro
bank,BoursoBankÂ ,Amine H,I m happy with the Boursorama bankâ€¦,I m happy with the Boursorama bank services,,0.0,,2024-05-01,https://www.trustpilot.com/review/boursobank.com?page=3,10,10-09-2024,0,0,0,0,2024,5,1,,43,2,0,,0,0,i m happy with the boursorama bank services,en
bank,BoursoBankÂ ,Isaac A,Good good good," January 26, 2024",,0.0,,2024-01-27,https://www.trustpilot.com/review/boursobank.com?page=9,10,10-09-2024,0,0,0,0,2024,1,27,,17,1,1,,0,0,"january 26, 2024",id
bank,BoursoBankÂ ,Avigail,Disaster,"Disaster: too many documents are requested during application process, unclear user flow, unfriendly support. Old banking system with new design facade and poor functioning digital services.",,0.0,,2023-10-16,https://www.trustpilot.com/review/boursobank.com?page=7,10,10-09-2024,0,0,0,0,2023,10,16,,190,2,5,:,0,0,"disaster too many documents are requested during application process, unclear user flow, unfriendly support. old banking system with new design facade and poor functioning digital services.",en
bank,QontoÂ ,Zufriedener Kunde,Super,Super Service,"Merci beaucoup Zufriedner, pour votre retour d'expÃ©rience et pour votre soutien ! ğŸ’œ",0.0,,2021-02-04,https://www.trustpilot.com/review/qonto.com?page=27,30,10-09-2024,0,0,0,0,2021,2,4,,13,2,0,,0,0,super service,it
bank,Younited CreditÂ ,eric Leroy,Rien Ã  redire,Rien Ã  redire Rapide fiable.simple,"Bonjour Monsieur LEROY,Nous sommes enchantÃ©s de vous lire ! Bienvenue chez Younited. Excellente journÃ©e, Lâ€™Ã©quipe Younited Credit",0.0,,2018-08-06,https://www.trustpilot.com/review/www.younited-credit.com?page=28,38,10-09-2024,1,0,0,0,2018,8,6,,34,2,1,,0,0,rien Ã  redire rapide fiable.simple,fr
bank,FortuneoÂ ,WILLIAM,Application fluide et facile," December 21, 2023",,0.0,,2023-12-22,https://www.trustpilot.com/review/fortuneo.fr?page=8,10,10-09-2024,0,0,0,0,2023,12,22,,18,1,1,,0,0,"december 21, 2023",nl
bank,AnytimeÂ ,MICHAEL CUDJOE MILLER,So far so good,"So far so good, I pray Anytime Customer Support continue to be: Kind, Accommodating, Polite and Helpful, like they way they have started with me. I am very happy to be with Anytime, and trust I will have no regret in the future.Amen.","Hello Michael, Thank you for your review, we try to do our best everyday ğŸ˜ŠğŸ™Best regards, LÃ©a ğŸ¦‹",0.0,,2021-03-24,https://www.trustpilot.com/review/anyti.me?page=11,14,10-09-2024,0,0,0,0,2021,3,24,,233,13,9,:,0,0,"so far so good, i pray anytime customer support continue to be kind, accommodating, polite and helpful, like they way they have started with me. i am very happy to be with anytime, and trust i will have no regret in the future.amen.",en
bank,SumeriaÂ ,Luis Efrain,I like it a lot it is very useful,I like it a lot it is very useful,,0.0,,2024-01-14,https://www.trustpilot.com/review/sumeria.eu?page=7,51,10-09-2024,1,0,0,0,2024,1,14,,33,1,0,,0,0,i like it a lot it is very useful,en
bank,AnytimeÂ ,PATRICIA EL BEZE,radide precismerci,radide precis,"Bonjour ğŸ˜, Merci d'avoir pris le temps de partager votre expÃ©rience avec nos services ! A trÃ¨s vite, Margaux - Anytime ğŸ«¶",0.0,,2023-09-27,https://www.trustpilot.com/review/anyti.me?page=7,14,10-09-2024,0,0,0,0,2023,9,27,,13,0,0,,0,0,radide precis,es
bank,Younited CreditÂ ,Dimitri,Simple et rapide !," July 21, 2021","Bonjour Monsieur,Nous sommes enchantÃ©s de vous lire et ravis dâ€™avoir contribuÃ© Ã  la rÃ©alisation de votre projet de trÃ©sorerie.Bienvenue chez Younited. Excellente journÃ©e, Hassan de l'Ã©quipe Younited Credit",0.0,,2021-07-26,https://www.trustpilot.com/review/www.younited-credit.com?page=17,38,10-09-2024,1,0,0,0,2021,7,26,,14,1,1,,0,0,"july 21, 2021",fi
bank,Orange BankÂ ,Adel,Service client cv," April 05, 2022","Bonjour Adel, Merci pour ces belles Ã©toiles. Je suis ravie de savoir que le service client Ã  rÃ©pondu totalement Ã  vos attentes.Bonne journÃ©e, Elodie.",0.0,,2022-04-05,https://www.trustpilot.com/review/orangebank.fr?page=28,41,10-09-2024,0,0,0,0,2022,4,5,,15,1,1,,0,0,"april 05, 2022",ro
bank,CofidisÂ ,VALERIE PERIOT,Bonne transaction," May 03, 2022",Bonjour ValÃ©rieMerci beaucoup pour votre message. A trÃ¨s vite ! ValÃ©rie de l'Ã©quipe Cofidis.,0.0,,2022-05-03,https://www.trustpilot.com/review/cofidis.fr?page=8,16,10-09-2024,0,0,0,0,2022,5,3,,13,1,1,,0,0,"may 03, 2022",tl
bank,SumeriaÂ ,D.L,Une application au top argent reÃ§uâ€¦,Une application au top argent reÃ§u immÃ©diatement. Top du top,,0.0,,2022-06-23,https://www.trustpilot.com/review/sumeria.eu?page=38,51,10-09-2024,1,0,0,0,2022,6,23,,60,2,1,,0,0,une application au top argent reÃ§u immÃ©diatement. top du top,fr
bank,AnytimeÂ ,FREDERIC LEGOUGE,CARTE ANYTIME,Super .........................................................................................................,,0.0,,2015-07-14,https://www.trustpilot.com/review/anyti.me?page=13,14,10-09-2024,0,0,0,0,2015,7,14,,111,1,105,,0,0,super .........................................................................................................,fr
bank,Orange BankÂ ,sune,Works super well and without anyâ€¦,Works super well and without any problems.,"Thanks for the comment. We are going to make sure that your experience with us will continue to be great.We hope that you will take a look to our forum https://forum.orangebank.fr/ if you need help.Again, thanks for the support and have a good day ! Team Orange Bank.",0.0,,2021-03-29,https://www.trustpilot.com/review/orangebank.fr?page=40,41,10-09-2024,0,0,0,0,2021,3,29,,42,1,1,,0,0,works super well and without any problems.,en
